razon_social,nombre_corto,rut,contacto_y_direccion,comuna,telefonos,correo_principal,correos_adicionales,categoria,resolucion
BERGER y BERGER LIMITADA,BERGER Y BERGER LTDA,77.171.220-7,Paulina Berger Recart Estado N°115 Oficina 307,Santiago,226332284,paulina@bergeryberger.cl,rodrigo@bergeryberger.cl,PRIMERA,2054 / 04-07-2018
COOPERATIVA ABIERTA DE VIVIENDA CONAVICOOP,CONAVICOOP,70.020.030-2,Andres Nuñez Roco Londres 94,Santiago,6005865500 / 227140198 / 227140201,legal@conavicoop.cl,rbonilla@conavicoop.cl,PRIMERA,2754 / 10-09-2018
ASESORIAS CON VIVIENDA LIMITADA,CONVIVIENDA LTDA.,96.786.070-0,Conavicoop Londres 94,Santiago,227140198 / 998440652 / 227140201,scgalvez@conavicoop.cl,icano@conservicios.cl / rbonilla@conavicoop.cl,PRIMERA,2753 / 10-09-2018
CORPORACIÓN DESARROLLO URBANO NUEVO SAN JOAQUIN,,65.012.860-5,"Lina Isolda Zamorano Ramírez Ramón Subercaseaux 1268, Oficina 407",San Miguel,224948301 / 976495176,nuevosanjoaquin@yahoo.com,lzamorano@cdu.cl,PRIMERA,1261 / 20-04-2018
GESTIÓN INMOBILIARIA EL CANELO LIMITADA,,76.021.386-1,"Domingo Fernando Valenzuela Durret Avda. Americo Vespucio Sur N°700, Piso 1 Y 7",Las Condes,225054208 / 225054071 / 225054160,dvd@cbiobio.cl,dvalenzuela@cbiobio.cl / nacevedo@cbiobio.cl,PRIMERA,936 / 08-03-2018
EME.PE.ELE. CONSTRUCTORA LIMITADA,EMEPEELE LTDA.,76.002.363-9,Tomas Carrasco Ulloa Av. Grecia N° 5720,Peñalolén,222728884 / 952554069 / 958678972,mpl.egis@gmail.com,paulaormeno.urbina@gmail.com / danielarv.ts@gmail.com,TERCERA,1226 / 30-04-2019
FUNDACIÓN DE VIVIENDAS HPH CHILE,,65.553.800-3,Scarlett Lizana Fernandez Gral. Bustamante N°26 Piso 7,Providencia,983833854 / 973384516,suzana@hphchile.cl,dlepe@hphchile.cl,PRIMERA,1631 / 29-05-2018
FUNDACION UN TECHO PARA CHILE,UN TECHO PARA MI PAÍS,65.533.130-1,Juan Cristóbal Beytía Reyes Avenida Departamental Nº 440,San Joaquín,22838734044 / 984187985 / 977927300,capellania@techo.org,,PRIMERA,255 / 02-02-2017
MUNICIPALIDAD DE LA FLORIDA,,69.070.700-4,Marcela Jopia Lissette Briones Av. Vicuña Mackenna Nº 10.777,La Florida,225054069 / 225054070,mlopez@laflorida.cl,dptoviviendalaflorida@gmail.com,ÚNICA,2265 / 24-07-2018
MUNICIPALIDAD DE LO ESPEJO,,69.255.100-1,Felipe Ortega Nuñez Avenida Central Cardenal Raúl Henríquez N° 8321,Lo Espejo,985085896 / 224856219 / 224856217,vivienda@loespejo.cl,fortega@loespejo.cl / alcaldia@loespejo.cl,ÚNICA,3360 / 07-12-2017
MUNICIPALIDAD DE PEÑALOLEN,,69.254.000-K,Sara Campos Veronica Soto Avda. Grecia Nº 8299,Peñalolén,974301948,atencionvivienda@penalolen.cl,scampos@penalolen.cl / vsoto@penalolen.cl,ÚNICA,1632 / 29-05-2018
MUNICIPALIDAD DE PUENTE ALTO,,69.072.100-7,Israel Farías Calle José Manuel Irrarazaval Nº 185,Puente Alto,227315317 / 227315318 / 227315308,marisol.ibanez@mpuentealto.cl,israel.farias@mpuentealto.cl / cristian.berrios@mpuentealto.cl,ÚNICA,2555 / 04-09-2017
MUNICIPALIDAD DE RECOLETA,,69.254.800-0,"Evelyn Valenzuela Isabel Salfate Avda. Recoleta Nº 2774, Piso 2",Recoleta,920709169 / 229457114 / 229457538,fjadue@recoleta.cl,evalenzuela@recoleta.cl / mosanchez@recoleta.cl,ÚNICA,1919 / 26-06-2018
INMOBILIARIA Y CONSTRUCTORA INSOC LIMITADA,INSOC LTDA.,76.961.330-7,"José Luis Elicer Gutierrez Calle Moneda Nº 920, Depto. 202",Santiago,993203419 / 226973887 / 993204409,j.elicer@insoc.cl,a.ibarra@insoc.cl / r.rojas@insoc.cl,PRIMERA,1259 / 20-04-2018
"ORBE, RODOLFO RODRIGO TORRES MIRANDA E.I.R.L",ORBE E.I.R.L.,76.347.350-3,Rodolfo Rodrigo Torres Miranda Calle Alonso De Cordova N°2681 Depto. 402,Vitacura,232242220 / 232242221 / 998864396,orbeeirl@yahoo.es,,TERCERA,1403 / 07-05-2018
ASESORÍAS GESTIÓN VIVIENDA LIMITADA,,76.003.928-4,"Pilar Goycoolea Ferrer Calle Román Díaz N° 221, Casa B",Providencia,223358006 / 991393194 / 968483233,francisco@urbanismosocial.cl,paola@urbanismosocial.cl / pilar@urbanismosocial.cl,PRIMERA,1253 / 20-04-2018
GESTIÓN INMOBILIARIA CASABLANCA SPA,,76.017.195-6,Eric Manuel Oyaneder Hidalgo Calle Las Brisas N° 213,La Cisterna,222125943 / 979886862,silvia.oyander@egiscasablanca.cl,p.jaracasablanca@gmail.com / ericoyaneder@gmail.com,PRIMERA,3100 / 23-10-2018
GESTIONES Y SOLUCIONES HABITACIONALES E INMOBILIARIA LIMITADA,INMOBILIARIA SOLHABIT LTDA,76.012.162-2,Paulina Del Rosario Ramírez Farías Calle Serrano Nº 319,Melipilla,228311319 / 90237371 / 228326541,solhabit@hotmail.com,,TERCERA,933 / 08-03-2018
EMILE STRAUB Y COMPAÑÍA LIMITADA,STRAUB CONSULTORA LTDA.,76.614.810-7,Emile Sebastián Straub Barros Diagonal Oriente N°1.490,Providencia,98185490 / 94850347,emilestraubbarros@gmail.com,straub.consultora@gmail.com / danielstraub@gmail.com,PRIMERA,2264 / 24-07-2018
TECNOINGENIERIA SPA,,77.877.320-1,"Yasna Alejandra Hernández Poblete General Bulnes Nº 139, Oficina N° 64",Santiago,966993031 / 998749594 / 226968675,yhernandez@tecnoingenieria.cl,tecnoingenieria@tecnoingenieria.cl / vflores@tecnoingenieria.cl,PRIMERA,3255 / 07-11-2018
CONSULTORA V Y S LIMITADA,VEYESE CONSULTORES LTDA.,76.117.600-5,"Rossana Jimena Vicentelo Lay Presidente Juan Antonio Rios N°33, Depto. 01",Santiago,226331228 / 226326454 / 991006510,consultoraveyese@gmail.com,rossanavicentelo@gmail.com,SEGUNDA,2756 / 10-09-2018
ENTIDAD ORGANIZADORA Y CONSULTORA HABITACIONAL NUEVA VIVIENDA SPA,NUEVA VIVIENDA SPA,76.625.360-1,"Marco Rodrigo Pacheco Cisterna Calle San Antonio N° 19, Oficina N° 1805",Santiago,222471100,contacto@nuevavivienda.cl,,PRIMERA,1836 / 15-06-2017
SEREY Y OTROS ASOCIADOS LIMITADA,CREAR ASOCIADOS,76.026.827-5,"Esteban Serey - Oficina Central Calle Nueva York N° 09, Of. 1101, Piso 11",Santiago,976029680 / 223899500 / 991055856,crear@grupocrear.cl,esteban.serey@grupocrear.cl,PRIMERA,2129 / 17-07-2018
MUNICIPALIDAD DE CERRO NAVIA,,69.254.200-2,Carolina Beroiz Lillo Calle Del Consistorial N° 6645,Cerro Navia,942048145 / 222384184 / 992513107,mario.cancino@cerronavia.cl,carolina.beroiz@cerronavia.cl / consultas.vivienda@cerronavia.cl,ÚNICA,2363 / 10-08-2017
MUNICIPALIDAD DE PEDRO AGUIRRE CERDA,,69.254.900-7,Mariana Silva Av. Presidente Salvador Allende N°2029,Pedro Aguirre Cerda,223965074 / 223965040,egis.coordinadora@pedroaguirrecerda.cl,administrativovivienda@pedroaguirrecerda.cl,ÚNICA,3493 / 26-12-2017
EPS AGENCIA HABITACIONAL LIMITADA,,76.730.530-3,"Claudia Alejandra Nash Lavín Calle San Sebastián Nº 2807, Of.213",Las Condes,229014753,cnash@nash.cl,patricia@nash.cl,PRIMERA,2357 / 10-08-2017
CENTRO DE ORIENTACION HABITACIONAL CENOHABIT LIMITADA,CENOHABIT LIMITADA,50.278.660-1,"Nicolas Farías Chacón Ahumada N°236, Oficina 513",Santiago,232243952 / 942510918,rpena@cenohabit.cl,contacto@cenohabit.cl,TERCERA,2914 / 05-10-2018
PEHUÉN S.A.,,76.893.260-3,"Jorge Enoc Rozas Ramírez Paseo Estado N° 115, Of Nº 1208.",Santiago,975887368,pehuen@pehuensa.cl,jrozas@pehuensa.cl / jrozas@pehuenes.cl,PRIMERA,932 / 08-03-2018
MUNICIPALIDAD DE LA PINTANA,,69.253.800-5,Militza Vittari Urribari Calle Baldomero Lillo Nº 1966,La Pintana,223896350 / 223896351,mvitali@pintana.cl,mcfuentes@pintana.cl,ÚNICA,1842 / 20-06-2018
ZETA S.A.,,96.520.170-K,"Italo Eliseo Patricio Nuñez Nuñez Calle Serrano Nº 14, Of. 304",Santiago,992344473 / 226335072,eduardo.nunez@zeta.cl,tatiana.baro@zeta.cl / apadilla@zeta.cl,TERCERA,2559 / 04-09-2017
MUNICIPALIDAD DE COLINA,,69.071.500-7,Ferananda Alfaro Palomo Avenida Colina Nª 700,Colina,227073303 / 227073302 / 227073304,Isabel.valenzuela@colina.cl,alcaldia@colina.cl,ÚNICA,1837 / 15-06-2017
MUNICIPALIDAD DE INDEPENDENCIA,,69.255.500-7,Maria Paz Ross Gauna Avenida Independencia N° 753,Independencia,223631050,mpross@independencia.cl,fpujado@independencia.cl,ÚNICA,2135 / 17-07-2017
SOCIEDAD DE SERVICIOS PROFESIONALES PROYECTA ARQUITECTOS CONSULTORES LIMITADA,PROYECTA ARQUITECTOS LTDA.,76.879.530-4,"Marco Antonio Rojas Caamaño Av. Larraín N° 6642, Oficina N° 005",La Reina,968472303 / 222604534,egisproyecta@gmail.com,,SEGUNDA,717 / 21-02-2017
"GESTIÓN, ASESORÍA Y CONSTRUCCIÓN SPA",GACSA SPA,76.685.250-5,Luis Gonzalo Patricio Alegría Martínez General Freire N°440,La Cisterna,996447849,consultor@gacsa.cl,gacsaspa@gmail.com,TERCERA,2989 / 24-10-2017
MUNICIPALIDAD DE CURACAVI,,69.073.900-3,Karen Adasme Santibañez Av. Ambrosio O`Higgins Nº 1305,Curacaví,222992178,atencionvivienda@municipalidadcuracavi.cl,kadasme@municipalidadcuracavi.cl,ÚNICA,2852 / 13-10-2017
CONSULTORA ROIG LIMITADA,CONSULTORA ROIG LTDA.,76.033.036-1,Jessica Ivonne Sarmiento Ulloa Av. Francisco Bilbao Nº 656,Peñaflor,228129041 / 94549254 / 985962492,consultoraroigltda@gmail.com,info@consultoraroig.cl,PRIMERA,1461 / 15-05-2017
MUNICIPALIDAD DE MAIPU,,69.070.900-7,Karen Avalos Cornejo Calle Alberto Llona N° 1843/Av. Cinco De Abril Nº 0260,Maipú,226776077 / 226776799 / 224028477,kavalos@maipu.cl,mherrera@maipu.cl / viviendamaipu@gmail.com,ÚNICA,1648 / 31-05-2018
RODRIGO ALEJANDRO HENRIQUEZ DIAZ,,12.108.700-6,"Rodrigo Alejandro Henriquez Diaz Calle Compañía De Jesús N° 2540, Of. 101",Santiago,226825253,rodhex.arq@gmail.com,rhd.psat@gmail.com,TERCERA,2554 / 04-09-2017
MUNICIPALIDAD DE EL BOSQUE,,69.255.300-4,Eduardo Urrestarzu Rojas Javiera Carrera N°736,El Bosque,228299061 / 228299062 / 228299063,magaly.canas@municipalidadelbosque.cl,nataly.figueroa@municipalidadelbosque.cl,ÚNICA,2059 / 04-07-2018
MUNICIPALIDAD DE QUILICURA,,69.071.300-4,Paulina Allende Acevedo Guardiamarina Riquelme Nº 489,Quilicura,22366849,p.allende@quilicura.cl,,ÚNICA,291 / 26-01-2018
INMOBILIARIA 3L SPA,,77.730.720-7,"Andres Alejandro Lowener Mayer￾Rechnitz Suecia 0155,Of 604",Providencia,998988913,ep3l@3lsf.cl,,PRIMERA,3070 / 31-10-2017
MUNICIPALIDAD DE MACUL,,69.253.700-9,"Claudia Menares Valenzuela Av. Quilin N° 3248, 3° Piso",Macul,228739261 / 228739259,cmenares@munimacul.cl,deptoviviendamacul@gmail.com / vivienda@munimacul.cl,ÚNICA,694 / 20-02-2018
MUNICIPALIDAD DE SAN PEDRO,,69.073.100-2,Nicole Santander Gonzalez Avenida Hermosilla N° 11 San Pedro (Anexo 162),,228405961 / 993277755,cvaldes@munisanpedro.cl,g.aracena@munisanpedro.cl,ÚNICA,880 / 02-03-2017
XIMENA ALEJANDRA PAVEZ REVECO GESTIÓN INMOBILIARIA E.I.R.L,RODAXI GESTIÓN INMOBILIARIA E.I.R.L.,76.026.992-1,"Ximena Pavez Reveco Calle San José N° 5.641, P,13. Gran. Av.",San Miguel,966569929 / 966569927,rodaxi.ximena.pavez@gmail.com,ximena.pavez.reveco@gmail.com,PRIMERA,3272 / 28-11-2017
MUNICIPALIDAD DE LA REINA,,69.070.600-8,Andres Salgado Henriquez Av. Mateo Toro Y Zambrano N°1.474,La Reina,225927279 / 988629762 / 225927371,asalgado@mlareina.cl,infovivienda@mlareina.cl,ÚNICA,1393 / 07-05-2018
CONSULTORA ARTURO FIABANE VASQUEZ E.I.R.L.,DOMUS E.I.R.L.,76.038.603-0,"Arturo Alejandro Fiabane Vásquez Calle San Antonio N° 31, Of. 508",Santiago,226332820 / 988356441,info.domus.eirl@gmail.com,domus.eirl@gmail.com,TERCERA,1947 / 03-07-2017
MUNICIPALIDAD DE MELIPILLA,,69.072.900-8,Tamara Pino Wastavino Calle Silva Chavez N°480,Melipilla,229027301 / 229027296 / 968530971,jennifer.vasquez@munimelipilla.cl,,ÚNICA,1835 / 15-06-2017
BERTA MARGARITA VALDEVENEGRO PLAZA,,6.891.712-3,Berta Margarita Valdenegro Plaza Calle Valdes N°613,Melipilla,977088855,egis.bv@gmail.com,bvaldenegrop53@gmail.com,TERCERA,805 / 25-03-2019
FUENTES & SHAE CONSULTORES LIMITADA,F Y S CONSULTORES LTDA.,76.028.541-2,"Vanessa Lucía Fuentes De La Hoz Calle Serrano N°73, Oficina N°910",Santiago,229293362,fysconsultores@gmail.com,,TERCERA,3071 / 31-10-2017
MUNICIPALIDAD DE HUECHURABA,,69.255.400-0,Claudio Donoso Pezoa / Valeska Lorca Rubilar Av. Recoleta N° 5315,Huechuraba,966196906 / 942557443 / 227197266 / 65,paulina.trivino@huechuraba.cl,,ÚNICA,2167 / 19-07-2018
MUNICIPALIDAD DE SAN MIGUEL,,69.070.800-0,Yanara Jorquera Vera Av. José Miguel Carrera Nº 3418,San Miguel,226789170 / 226789171,vivienda@sanmiguel.cl,yjorquera@sanmiguel.cl,ÚNICA,2542 / 24-08-2018
SERVICIOS Y ASESORÍAS DESARROLLA SPA,DESARROLLA SPA,76.043.495-7,"Jaime Marambio Labrador Paseo Bulnes 79, Of. 60",Santiago,942077402 / 931943371,proyectos@desarrolla.cl,dest.iden@gmail.com / administracion@desarrolla.cl,PRIMERA,2930 / 20-10-2017
INMOBILIARIA ASISTENCIA TÉCNICA Y GESTOR HABITACIONAL MILLALEMU SOCIEDAD ANÓNIMA,MILLALEMU S.A.,76.936.840-K,Roxana Scarlett Kam-Ching Barrios Avda. Viel N° 1556,Santiago,225441140 / 967283389 / 954214248,roxanakamchings@gmail.com,,PRIMERA,3492 / 26-12-2017
ENTIDAD DE GESTIÓN INMOBILIARIA SOCIAL CHILE SPA,EGIS CHILE SPA,76.048.179-3,"Sergio Antonio Toro Gómez Paseo Huérfanos Nº 1160, Of. N° 714",Santiago,226710078 / 997007942,iva.cony31@gmail.com,marycerpa@egischile.cl,TERCERA,2668 / 26-09-2017
SOLEDAD DEL CARMEN ARAOS GARNICA CONSULTORA SOCIAL E.I.R.L.,SOCIEDAD CONSULTORA SOCIAL S.C.S. E.I.R.L.,76.049.715-0,"Soledad Del Carmen Araos Garnica Gran Av. Jose Miguel Carrera Nº 6560, Caracol Lo Ovalle, Local N° 83",La Cisterna,228807735 / 993451820 / 224016338,tecnico.scs.eirl@gmail.com,scs.eirl@gmail.com / scr.eirl.2@gmail.com,PRIMERA,1242 / 19-04-2018
MUNICIPALIDAD DE BUIN,,69.072.500-2,Rodrigo Perez Leyton/Jeanette Antinao Calle Balmaceda N°305,Buin,228219272 / 954049054,yantinao@buin.cl,rperez@buin.cl / maraya@buin.cl,ÚNICA,2764 / 28-11-2019
MUNICIPALIDAD DE ÑUÑOA,,69.070.500-1,Evelyn Salgado Avenida Irarrazaval Nº 2434,Ñuñoa,233222068 / 233222063 / 233222069,vivienda@nunoa.cl,asarmiento@nunoa.cl,ÚNICA,2558 / 04-09-2017
CONSTRUCTORA INMOBILIARIA E INVERSIONES OVAL LIMITADA,CONSTRUCTORA OVAL LTDA,76.048.251-K,Oscar Rodrigo Valladares Plaza Av. Presidente Riesco N° 3316,Las Condes,931992358,gguajardo@constructoraoval.cl,,PRIMERA,2248 / 31-07-2017
VERDE - AZUL ARQUITECTOS ASOCIADOS LIMITADA,VERDE-AZUL LTDA,76.054.935-5,"Felipe Ignacio Araya Allende Calle Marín Nº 0114, Of. 201 Providencia .",,229849950,contacto@verdeazul.cl,c.barreau@verdeazul.cl,PRIMERA,1844 / 20-06-2018
ASESORIAS Y CONSULTORIAS GEA LIMITADA,GEA CONSULTORES,76.977.620-6,Daniela Donoso Grunberg Eliodoro Yañez N° 2979 Of 710,Providencia,222324245 / 990893408,info@consultoragea.cl,daniela@consultoragea.cl,PRIMERA,2851 / 13-10-2017
MUNICIPALIDAD DE LA GRANJA,,69.072.400-6,"Leslie Zarate Meza Av. Americo Vespucio N° 002, Entrada Por Calle El Consistorial",La Granja,225503759 / 38313829,lzarate.social@gmail.com,viviendalagranja@gmail.com,ÚNICA,2247 / 31-07-2017
ARQUITECTURA Y CONSTRUCCIÓN ALEGRIA OYARZÚN LTDA.,EGIS ALEGRIA LTDA,76.064.031-K,Fernando Oyarzun Villa Calle Alhue N°39,Maipu,228480169 / 998747007 / 9657720259,egis.alegria@gmail.com,,PRIMERA,1857 / 20-06-2018
MUNICIPALIDAD DE LO BARNECHEA,,69.255.200-8,Paulina Lizama Yañez Raul Labbe N°13.989,Lo Barnechea,227573110 / 227573230,plizama@lobarnechea.cl,,ÚNICA,3494 / 26-12-2017
MUNICIPALIDAD DE ESTACION CENTRAL,,69.254.300-9,"Pamela Catalán Cares Pasaje Las Azucenas Nº 316, Con Av. 5 De Abril (En Depto. Desarrollo Social)",Estación Central,991421226,rodrigomarin@ecentral.cl,,ÚNICA,2166 / 19-07-2018
"GESTIÓN Y PROYECTOS INMOBILIARIOS, IVÁN GARAY ACUÑA E.I.R.L.",GESTION Y PROYECTOS E.I.R.L,76.131.089-5,"Iván Antonio Garay Acuña Calle Héctor Bocardo N° 1827, Depto D",Independencia,227379186,contacto@gypinmobiliarios.cl,igaray@gypinmobiliarios.cl,SEGUNDA,2134 / 17-07-2017
CONSULTORA HABITACIONAL D Y N SPA,D Y N SPA,76.138.603-4,Solange Villalobos Listz N°2925,San Joaquin,222297548 / 974545184,dynconsultorahabitacional@gmail.com,,PRIMERA,2133 / 17-07-2017
ORGANIZANDO FUTURO SOCIEDAD ANÓNIMA,EGIS FUTURO S.A.,76.118.682-5,Alberto Zerega Carolina Zerega Gral. Carol Urzúa N°6969,Las Condes,994795681,egisfuturo@egisfuturo.cl,egisfuturo2010@gmail.com,TERCERA,1392 / 07-05-2018
DISEÑO ARQUITECTURA SOCIAL INGENIERÍA Y ESTUDIO CONSULTORES LIMITADA,CONSULTORA D.A.S.I.E. LTDA.,76.146.502-3,"Juan Alonso Delgado Escárate Paseo Huérfanos N° 886, Oficina N° 616",Santiago,233774799 / 920078319,consultora.dasie@gmail.com,,PRIMERA,1518 / 18-05-2018
PROYECTA3 SERVICIOS HABITACIONALES LIMITADA,PROYECTA3 HABITACIONAL LIMITADA,76.179.464-7,"María Loreto Barrales Fernández Calle Serrano Nº 74, Oficina N° 401",Santiago,939302330 / 939302328 / 939302329,lbarrales@proyecta3.cl,jmunozw@proyecta3.cl,PRIMERA,2168 / 19-07-2018
INMOBILIARIA Y CONSULTORA URBANO LIMITADA,SOCIAL Y URBANO LTDA,76.151.838-0,"Karen Elena Navarrete Berríos Pasaje Santa Florentina N° 0637, Villa Santa Felicia (Se Ingresa Por Av. Concha Y Toro, A La Izquierda Por Calle Maestro Palomo, A La Izquierda Por Calle Santa Frida)",Puente Alto,222657214 / 994871927 / 933036839,contacto@socialurbano.org,socialurbano@gmail.com,SEGUNDA,2757 / 10-09-2018
ASESORIAS Y GESTION INMOBILIARIA MCS SOCIEDAD DE RESPONSABILIDAD LIMITADA,MCS LTDA.,76.187.381-4,Andrés Cristobal Veloso Sánchez Bombero Ossa N°1010 Of 720,Santiago,998466971 / 226965961,egis.mcs@gmail.com,msanchezvergara@gmail.com,PRIMERA,312 / 08-02-2019
OVAL ENTIDAD PATROCINANTE LIMITADA,,76.094.195-6,Carolina Andrea Macan Maraboli Av. Presidente Kennedy N°5682 Vitacura Anexo,,223430660 / 10469319922358,ggajardo@constructoraoval.cl,ymaturana@constructoraoval.cl / contacto@constructoraoval.cl,PRIMERA,1101 / 20-03-2018
INMOBILIARIA CONCRECASA DOS LIMITADA,CONCRECASA DOS LTDA,76.161.811-3,Lorena Urrutia Av. Nueva Costanera Nº 4229 Of. 305.,Vitacura,222419222 / 991894503,jpavez@concrecasa.cl,lurrutia@concrecasa.cl,PRIMERA,1630 / 29-05-2018
DOSG ASESORÍA EN CONSTRUCCIÓN LIMITADA,,76.121.026-2,Natalia Carolina González González Calle José Manuel Veliz Nº 236,María Pinto,228354048 / 983793120 / 976704284,dosgvivienda@gmail.com,,TERCERA,890 / 03-03-2017
ENTIDAD DE GESTIÓN INMOBILIARIA SOCIAL LIMITADA,ASISTEC NOVA LTDA,76.161.424-K,"Carolina Angélica Colipue Arellano Calle Serrano N° 74, Of. 301",Santiago,226328830,carolina.colipue@asistecnova.cl,mariapaz.avalos@asistecnova.cl,PRIMERA,2361 / 10-08-2017
CONSULTORA NÚCLEO SOCIAL LIMITADA,,76.246.733-K,Rene Miranda Barrales Calle Serrano N°73 Oficina 710,Santiago,993096989 / 966004822,rmiranda@nucleosocial.cl,mrodriguez@nucleosocial.cl,SEGUNDA,1244 / 19-04-2018
GESTIÓN Y PROYECTOS INMOBILIARIOS RUCALHUE LIMITADA,,76.270.853-1,Gonzalo Andrés Carrasco García Calle Islandia N°871,San Miguel,957155835 / 944396872 / 999059128,rucalhueltda@gmail.com,,PRIMERA,2359 / 10-08-2017
MUNICIPALIDAD DE EL MONTE,,69.073.000-6,Jennifer Toloza Castillo Calle Benavente Nº 195,El Monte,25609760 / 956601946,jtoloza@munielmonte.cl,jibarra@munielmonte.cl,ÚNICA,1323 / 30-04-2018
INMOBILIARIA Y GESTORA DE PROYECTOS SOCIALES INMOBILIARIA FUTURO SPA,INMOBILIARIA Y GESTORA DE PROYECTOS SOCIALES INMOBILIARIA FUTURO,76.327.322-9,Rodrigo Valladares Marchant Huérfanos N°779 Oficina 705,Santiago,232822050,inmobiliaria.social.chile@hotmail.com,,TERCERA,2755 / 10-09-2018
2P ARQUITECTOS LIMITADA,,76.204.505-2,Patricio Arriagada Y Pablo Fernández Calle San Ignacio N° 1265,Santiago,225441600,2p.arquitectos@gmail.com,2p.parriagada@gmail.com / 2p.pfernandez@gmail.com,PRIMERA,1052 / 24-03-2017
ARQUITECTURA SUSANA PIMENTEL E.I.R.L.,ABITARE E.I.R.L,76.299.671-5,"Susana Monica Pimentel Bouillon Calle Grajales N° 2590, Depto N° 802 (Esq. Abate Molina)",Santiago,224099554 / 988289970 / 986235589,psatsusanapimentel@gmail.com,cesar.lillo@gmail.com,TERCERA,3044 / 06-10-2017
CONSTRUCTORA Y ESTUDIOS SOCIALES GANESA LIMITADA,GANESA LIMITADA,76.270.803-5,"Jose Dionisio Gajardo Negrete Paseo Ahumada N°312, Oficina 919",Santiago,956173395 / 990900167,oficina.ganesa@gmail.com,helea.gasa@ug.uchile.cl / libiabcontreras@gmail.com,TERCERA,1254 / 20-04-2018
ARCO ESTUDIO LIMITADA,,76.312.672-2,"Omar Humberto Jara Hernández Avda. Bernardo O'Higgins N°1334, Of. M",Talagante,984142517 / 225119237,contacto@arcoestudio.cl,ojara@arcoestudio.cl,PRIMERA,2136 / 17-07-2017
LIKAN GESTIÓN INMOBILIARIA JORGE RAFAEL SANTIBAÑEZ GONZÁLEZ E.I.R.L,,76.272.521-5,"Jorge Rafael Santibañez González Calle El Pinar N° 205, Oficina N° 5",San Joaquín,232820787 / 3236872798 / 982015040,gestionlikan@gmail.com,,TERCERA,1255 / 20-04-2018
"INMOBILIARIA, INSPECCIÓN TÉCNICA Y GESTOR HABITACIONAL RUKALEMU S.A",RUKALEMU S.A.,76.099.786-2,Roxana Scarlett Kam-Ching Barrios Av. Viel Nº 1556,Santiago,967283389,rukalemupsat@gmail.com,roxanakamchings@gmail.com,PRIMERA,3491 / 26-12-2017
MUNICIPALIDAD DE SAN RAMON,,69.253.900-1,Jose Toloza / Angela Cornejo Av. Ossa Nº 1771,San Ramón,222909243 / 958590857 / 977263889,psat@municipalidadsanramon.cl,psatsanramon2@gmail.com,ÚNICA,1102 / 20-03-2018
TRAMAS CONSULTORES LIMITADA,TRAMAS LTDA.,76.107.651-5,"Claudia Andrea Troncoso Troncoso Paseo Huerfános N° 1373, Oficina N°706",Santiago,227253011 / 226986405,vivienda@tramasconsultores.com,tramas@tramasconsultores.com / claudia.troncoso@tramasconsultores.com,TERCERA,2413 / 08-08-2018
CONSULTORA Y ASESORÍAS TAURUS SpA,TAURUS SpA,76.382.897-2,Puppy Antonieta Rojas Naranjo Marchant Pereira 150 Of 901,Providencia,992348048 / 994344721 / 994378081,puppy.rojas@consultorataurus.cl,puppyrojas@vtr.net / david.araya@consultorataurus.cl,SEGUNDA,2988 / 24-10-2017
INMOBILIARIA SOCIAL CONVERGE LIMITADA,CONVERGE LIMITADA,76.366.565-8,Lucio Claudio Hernández Ortiz Agustinas N°972 Oficina 514,Santiago,232211653 / 966770162 / 999188094,converge@iconverge.cl,hlucioclaudio@gmail.com / vilaza.claudia@gmail.com,PRIMERA,3068 / 22-10-2018
ASESORÍA PARA PROYECTOS DE VIVIENDA SOCIAL COLECTIVO EMERGENTE LIMITADA,COLECTIVO EMERGENTE LTDA.,76.391.899-8,"María José Carrasco Martínez Arturo Prat # 644, Of. 609",Santiago,955380228,colemergente@gmail.com,pablocaceres@live.cl,TERCERA,1051 / 24-03-2017
EVOLUTIVA ENTIDAD PATROCINANTE Y CONSULTORA DE VIVIENDA Y URBANISMO SPA,EVOLUTIVA SPA,76.392.316-9,Natalia Muñoz Requena Calle Ministro Carvajal N° 27,Providencia,227118997 / 956391837,ep.evolutiva@gmail.com,,PRIMERA,1760 / 06-06-2017
ENTIDAD PATROCINANTE KUTRALWE LIMITADA,KUTRALWE LTDA.,76.396.352-7,"Lorena Beatriz Pino Palma Calle Nueva De Lyon N° 96, Oficina N° 307",Providencia,223008227 / 223002322 / 2230046944,lorena.pino@kutralwe.com,lorenapp@gmail.com / victor.sandoval@ingvicsa.cl,TERCERA,891 / 03-03-2017
ENTIDAD PATROCINANTE CONSULTORA SOCIAL & HABITACIONAL IDENTIDADES LIMITADA,IDENTIDADES LTDA.,76.413.791-4,Maria Fernanda Mella Lara Calle Vicente Valdes N°87 Oficina 904,La Florida,975170778 / 323784404 / 981368093,fmella@consultoraidentidades.com,f.aragon@consultoraidentidades.cl / m.mendez@consultoraidentidades.cl,PRIMERA,1207 / 07-04-2017
NUEVO HOGAR SpA,,76.423.609-2,"Marcia Alejandra Perez Tirado Av. Pajaritos N° 3195, Oficina N° 903",Maipú,232026631 / 942686753,contacto@egisnuevohogar.cl,marcia.perez@egisnuevohogar.cl,SEGUNDA,889 / 03-03-2017
QUINTRIQUEO INMOBILIARIA LIMITADA,MINGA LTDA,76.317.126-4,"Angélica María Quintriqueo Lincopí Almirante Pastene N°185, Oficina 310",Providencia,975574830 / 930034929 / 948669333,entidadpatrocinanteminga@gmail.com,mingainmobiliaria@gmail.com,SEGUNDA,1459 / 15-05-2017
EVOLUTIVA VIVIENDA ENTIDAD PATROCINANTE Y CONSULTORA DE VIVIENDA Y URBANISMO SPA,EVOLUTIVA VIVIENDA SPA,76.404.217-4,Natalia Muñoz Requena Calle Ministro Carvajal N° 27,Providencia,962091278 / 977613147 / 931185461,ep.evolutiva@gmail.com,marcelo@cosmelli.cl / natalia.munozrequena@gmail.com,PRIMERA,2132 / 17-07-2017
EMPRESA DE GESTION Y PROYECTOS HABITACIONALES CIUDAD URBANA LIMITADA,CIUDAD URBANA LTDA.,76.427.838-0,Evelyn Villegas Barraza Calle Islandia N°861,San Miguel,232318560 / 978793779,evciudadurbana@gmail.com,,PRIMERA,2553 / 04-09-2017
INMOBILIARIA MAHUEN LIMITADA,INMOBILIARIA MAHUEN LTDA,76.419.155-2,"Juan Miguel Villegas Astudillo Gran Av. José Miguel Carrera N° 11.356, Depto. A",El Bosque,225072458 / 996183782,juan.mahuen@gmail.com,inmobiliariamahuen@gmail.com,TERCERA,2438 / 23-08-2017
ENTIDAD ORGANIZADORA Y CONSULTORA QUINTAY LIMITADA,CONSULTORA QUINTAY LTDA.,76.417.014-8,Dafne Renée Jarpa Lagos/Alicia Ximena Capricoli Zambrano Calle Pedro Subercaseaux N° 3095,Pedro Aguirre Cerda,232669197,consultoraquintayltda@gmail.com,guillermo@microcontrol.cl,TERCERA,2557 / 04-09-2017
RUKANTU LIMITADA,RUKANTU LTDA.,76.436.127-K,Felipe Salgado Diez Calle Los Corconeles N° 6806,La Reina,228392009 / 974992487,rukantu.spa@gmail.com,fsalgadodiez@gmail.com,TERCERA,2853 / 13-10-2017
CONSOLIDA SPA,,76.398.484-2,Gabriel Lagos Dittborn Avda. Jose Arrieta N° 5821,Peñalolén,222224442 / 9764489317,contacto@consolida.cl,,TERCERA,2266 / 24-07-2018
ENTIDAD DE GESTIÓN INMOBILIARIA SOCIAL GIRASOL LIMITADA,EGIS GIRASOL LTDA.,76.571.734-5,Mariela Valverde Fuentes Rancagua N° 0157 Of 403,Providencia,233075239,egisgirasolltda@gmail.com,,PRIMERA,1263 / 20-04-2018
INMOBILIARIA Y CONSULTORA SOCIAL DESARROLLA FUTURO SPA,DESARROLLA FUTURO SPA,76.501.997-4,"Alexis Díaz Soto Av. Libertador Bernardo O´Higgins N° 4.050, Of N° 1.008",Estación Central,232450753 / 931952864,diazsotoalexis@gmail.com,desarrollafuturo@gmail.com,SEGUNDA,1245 / 19-04-2018
SOCIEDAD URBANA METROPOLITANA SPA,SOCIEDAD SUM SPA,76.532.403-3,Solange Saldías Vergara Los Nogales N°2735 (Entrada Por Calle Parque),La Pintana,998856278 / 975930754,entidadpatrocinantesum@gmail.com,entidadpatrocinante@gmail.com / secretaria.epsum@gmail.com,SEGUNDA,1025 / 09-03-2018
PRO VIVIENDA SPA,,76.594.394-9,Alfredo Cristian Cornejo Peña Pasaje Rosa Rodriguez N°1375 Of 216,Santiago,222949851 / 232825231 / 987086807,cornejo_alfredo@yahoo.com,egisprovivienda@gmail.com,PRIMERA,429 / 26-02-2020
VS INTEGRA SPA,VSI SPA,76.532.469-6,Hernan Jara Lara Camino Maipo A Viluco N°1.805 Loteo 77,Buin,228463205 / 942390397 / 935431360,administracion@vsintegra.cl,dvera@vsintegra.cl / vsintegraspa@gmail.com,TERCERA,1322 / 30-04-2018
MANQUEHUE CONSULTORA DE VIVIENDAS SOCIALES LIMITADA,MANQUEHUE EP LTDA.,76.573.787-7,Eduardo Tobar-Karen Espinoza Rios Calle Folclorista Oreste Plath N°146 Villa Carlos Droguett,Talagante,963730002,pamela@manquehueconsultora.cl,,PRIMERA,2850 / 13-10-2017
SOCIEDAD INMOBILIARIA RUNTIME LIMITADA,RUNTIME LTDA.,76.560.947-K,"Iván Gabriel Ulloa Díaz Calle Bombero Ossa N° 1010, Oficina N° 206",Santiago,986699631 / 986698299,ivanulloa.runtime@gmail.com,fabiola.runtime@gmail.com / run.timeltda@gmail.com,SEGUNDA,1649 / 31-05-2018
ENTIDAD DE GESTIÓN INMOBILIARIA SOCIAL METROPOLITANA SUR COMPAÑÍA LIMITADA,EGIS METROPOLITANA SUR LTDA. METROPOLITANA SUR LTDA.,76.125.035-3,Alexis Alejandro Herrera Pereira Avda. Raúl Silva Henriquez N°6656,La Granja,232556527 / 984798249 / 993447651,Egismetropolitanasur@gmail.com,contacto@egisms.cl,TERCERA,1258 / 20-04-2018
DEMO ENTIDAD PATROCINANTE SPA,DEMO EP SPA,76.536.688-7,Carolina Rojas Maldonado Calle Volcán Lascar Oriente N° 721,Pudahuel,226019882 / 932451921 / 974510923,mconte@democorp.com,crojas@democorp.com,PRIMERA,3298 / 13-11-2018
GESTION INMOBILIARIA ALESSANDRI LIMITADA,CRECIENDO JUNTOS LIMITADA,76.528.716-2,María Ximena Alessandri Pérez￾Cotapos Av. Libertador Bernardo O'Higgins N° 2205,Santiago,226993827 / 226465991 / 971355658,talessandri@miuandes.cl,,TERCERA,2947 / 14-10-2016
CONSTRUCTORA SEPHER LIMITADA,SEPHER LIMITADA,76.543.596-K,Catalina Michel Hernández Farías Concha Y Toro N°17-A,Santiago,225437847 / 983824338 / 968324434,sepher.limitada@gmail.com,,SEGUNDA,2945 / 14-10-2016
ENTIDAD PATROCINANTE CREA TU FUTURO SPA,,76.636.403-9,"Alfonso Raúl Alexis Castro Rodríguez Calle Lord Cochrane N° 30, Oficina N° 307",Santiago,965041414,coordinadoracreatufuturospa@gmail.com,a.alexis.castro@gmail.com / creatufuturospa@gmail.com,PRIMERA,2948 / 14-10-2016
ASESORÍAS CANAHUE LIMITADA,CANAHUE LTDA.,76.637.099-3,Pablo Andrés Ramírez Paredes Calle Hamburgo N° 1371,Ñuñoa,228139484 / 954224378 / 984945576,canahueltda@gmail.com,beapulgar@gmail.com / pabloramirez.737@gmail.com,PRIMERA,2943 / 14-10-2016
CONSULTORA TECNOVIVIENDA LIMITADA,TECNOVIVIENDA LIMITADA,76.634.226-4,Raúl Alberto Cancino Carrasco Monjitas 527 Of 1216,Santiago,232246446 / 966063539,raulcancinotecnovivienda@gmail.com,consultoratecnovivienda@gmail.com,PRIMERA,2949 / 14-10-2016
INMOBILIARIA MAGIS SPA,,76.614.699-6,Luis Ángel Orrego Molina Eliodoro Yañez 2876 Of 401,Providencia,944061980,magis.central@gmail.com,magis.luisorrego@gmail.com,TERCERA,2946 / 14-10-2016
SANCAL GESTIÓN INMOBILIARIA LIMITADA,SANCAL LIMITADA,76.510.242-1,Johanna Hetch Quiroz Avda. Irarrazaval N°2821 Of 917,Ñuñoa,959046369 / 229932817 / 222298474,contacto@sancalinmobiliaria.cl,calderonsantos@gmail.com,TERCERA,2956 / 14-10-2016
FABIÁN BARAHONA ENTIDAD PATROCINANTE Y PROYECTOS DE ARQUITECTURA DE DESARROLLO SOCIAL E.I.R.L.,EGIS DINAMIZA E.I.R.L.,76.445.542-8,"Fabián Ignacio Barahona Díaz Av. Nueva Providencia N° 1881, Of N° 520",Providencia,227533604 / 996490513,fabian.egis.chile@gmail.com,egis.dinamiza@gmail.com,TERCERA,3128 / 25-11-2016
PSAT INTEGRA SPA,,76.648.633-9,"Jorge Ignacio Gamboa Suárez Calle Merced N°838-A, Oficina 145",Santiago,989721218 / 987426765 / 941425899,b.tapia@s-ge.cl,j.gamboa@s-ge.cl / psat.integra@gmail.com,PRIMERA,256 / 02-02-2017
SOCIEDAD NYC SPA,NYC ENTIDAD PATROCINANTE SPA,76.530.773-2,"Yolanda Estela Del Carmen Navarrete Benavides Calle París N° 834, Oficina N° 307",Santiago,232270238 / 982880643,entidad.nyc@gmail.com,,TERCERA,718 / 21-02-2017
MUNICIPALIDAD DE TALAGANTE,,69.071.800-6,Maria Carolina Navarro Av. Balmaceda N° 584,Talagante,225989200 / 225989304 / 225389305,viviendaentorno@gmail.com,cdalvarez@yahoo.com,ÚNICA,699 / 20-02-2017
CONSULTORA & GESTIÓN INMOBILIARIA ALIWEN SPA,,76.664.858-4,Jonathan Andrés Donoso Herrera El Quisco N°156,Puente Alto,229824189 / 939236600,adonoso@aliwenconsultora.cl,gerencia@aliwenconsultora.cl,TERCERA,702 / 20-02-2017
QUEIROLO CRUCHAGA LIMITADA,QL LIMITADA,76.668.501-3,Fernando Queirolo Orellana Calle Rojas Magallanes N°438-D,La Florida,222335508 / 973799429,fqueirolo@gestionql.cl,mlozano@gestionql.cl / contacto@gestionql.cl,PRIMERA,700 / 20-02-2017
SOCIEDAD INMOBILIARIA CHILE PROYECCIÓN LIMITADA,CHILE PROYECCIÓN LTDA.,76.669.926-K,"Manuel Andrés Guajardo Valenzuela Camino Lonquén Sitio N° 14, Sector San Ignacio, Paradero 12 1/2",Calera De Tango,232350424 / 988125400,mgv2k1@gmail.com,,TERCERA,701 / 20-02-2017
CONSULTORA DE VIVIENDA Y URBANISMO ALBORADA SPA,,76.718.487-5,Karla Rosita De Jesús Roa Umaña Eleodoro Yañez N°2876,Providencia,228125996,alborada.central@gmail.com,kroau@gmail.com,PRIMERA,1834 / 15-06-2017
"DOUGLAS BANNURA VARGAS, GESTIÓN INMOBILIARIA E.I.R.L",INMOBILIARIA DABV E.I.R.L.,76.730.388-2,"Douglas Alberto Bannura Vargas Av. Santa Rosa N° 17, Oficina N° 61",Santiago,232450617 / 955192549,inmobiliariadabv@gmail.com,douglasbannura@yahoo.com / rbueno.idabv@gmail.com,TERCERA,2137 / 17-07-2017
ENTIDAD PATROCINANTE PAULINA DE LOURDES MORALES CARRASCO E.I.R.L.,ENTIDAD PATROCINANTE PMC E.I.R.L.,76.730.366-1,Paulina De Lourdes Morales Carrasco Calle Barrales N° 565,Melipilla,228320132 / 991609171,entidadpatrocinante.pmc@gmail.com,,TERCERA,2246 / 31-07-2017
MUNICIPALIDAD DE RENCA,,69.071.200-8,Lorena Nuñez Silva Dario Oyarzun Hermosilla Av. Blanco Encalada Nº 1335,Renca,226856667 / 226856640 / 98646794,dario.oyarzun@renca.cl,rbacigalupo@renca.cl / vivienda@renca.cl,ÚNICA,2245 / 31-07-2017
MUNICIPALIDAD DE PEÑAFLOR,,69.071.700-K,Francisco Reyes Van Bebber Doctor Prado Tagle N° 237,Peñaflor,443678433 / 992918709 / 953634256,entidad.patrocinante@penaflor.cl,francisco.reyes@penaflor.cl,ÚNICA,2358 / 10-08-2017
GESTIÓN Y PROYECTOS INMOBILIARIOS BORDE SUR SPA,BORDE SUR SPA,76.738.472-6,Esthefanie Briones Calle Islandia N°871,San Miguel,232313921 / 944396869 / 983347950,bordesurarq@gmail.com,ebbarq@gmail.com,SEGUNDA,2362 / 10-08-2017
COOPERATIVA DE VIVIENDA COOPVITAL,,65.109.837-8,Silvia Matilde Torres Gonzalez Calle Esmeralda N° 1051,Talagante,227277285,casavital.1051@gmail.com,,TERCERA,2669 / 26-09-2017
GESTIÓN INMOBILIARIA SANTIAGO SPA,EGIS SANTIAGO SPA,76.752.005-0,Carolina Lara Gutierrez Calle Catedral N°1009 Oficina 504,Santiago,967284257 / 2233472573 / 233472573,egis.santiago@gmail.com,carolina.psatsantiago@gmail.com,PRIMERA,2733 / 03-10-2017
NUEVA ENTIDAD DE GESTIÓN INMOBILIARIA SOCIAL SPA,,76.764.231-8,"Miguel Angel Nuñez Chandía Calle Estado N°115, Oficina 1208",Santiago,974316014 / 2232243952,12miguel1910@gmail.com,,TERCERA,2883 / 16-10-2017
ENTIDAD PATROCINANTE Y CONSULTORA DE VIVIENDAS Y URBANISMO HÁBITAT RESIDENCIAL SPA,EP Y CONSULTORA DE VIVIENDAS Y URBANISMO HÁBITAT RESIDENCIAL SPA,76.761.106-4,Paula Mora Rodas N° 7179,Cerro Navia,940585123,pmora.ephabitatresidencial@gmail.com,cdelvalle.ephabitatresidencial@gmail.com,TERCERA,3273 / 28-11-2017
AVANCE URBANO SpA,,76.633.659-0,Carlos Mauricio Catalán Quintanilla Calle Dominica N°404 Depto. 2004,Recoleta,225133137,avanceurbano2011@gmail.com,carloscatalanq@gmail.com,TERCERA,3274 / 28-11-2017
ASESORÍAS P AL CUBO LIMITADA,P AL CUBO LIMITADA,76.797.831-6,Ainohan Peña Salazar Matias Cousiño N°82 Oficina 1104,Santiago,229798257 / 934553334 / 975787867,p.alcuboarquitectura@gmail.com,p.alcubosocial@gmail.com,PRIMERA,493 / 08-02-2018
EMPRESA DE DESARROLLO Y ORGANIZACIÓN SOCIAL SPA,EDOS SPA,76.780.304-4,"Alejandra Fuentes Pobleta Jose Miguel De La Barra N°536, Piso 7",Santiago,954214248,edosspa@gmail.com,,PRIMERA,696 / 20-02-2018
EGIS RED SOCIAL LIMITADA,EGIS RED SOCIAL LTDA.,76.491.592-5,"Andres Ivan Rojo Sariego Calle Guardia Vieja N°202, Of 502",Providencia,227598000 / 990011569,andres71rojo@gmail.com,,TERCERA,728 / 20-02-2018
MUNICIPALIDAD DE CONCHALI,,69.070.200-2,Rene De La Vega Alejandra Gonzalez Francisca Rivera Independecia 3499,Conchalí,228286103,alejandra.gonzalez@conchali.cl,gabinete@conchali.cl,ÚNICA,934 / 08-03-2018
SOCIEDAD INMOBILIARIA NEW HELP SPA,,76.817.965-4,Brando Alexander Lara Olave Calle San Jose N°115,Maipú,232336755 / 956149064 / 940296372,info@newhelp.cl,,TERCERA,931 / 08-03-2018
INMOBILIARIA GESTIONA FACIL SPA,GESTIONA FACIL SPA,76.830.635-4,"Andrea Gonzalez Calle Morande N° 835, Oficina N° 1106",Santiago,26456089 / 942491036,gestionafacilspa@gmail.com,,PRIMERA,1252 / 20-04-2018
CONSULTORA E INMOBILIARIA HOGAR SPA,HOGAR SPA,76.834.891-K,"Cristian Lecaros Villarroel Camino La Estrella Sitio 2, Lote 4, Huelquen",Paine,992326777,cristian.lecaros@gmail.com,,SEGUNDA,1243 / 19-04-2018
INMOBILIARIA ALCABRINA SPA,,76.813.368-9,"Alejandra Bozo Tamayo - Brigadier Acevedo Cordova Camino Padre Hurtado Sitio C-2, Localidad De Huelquen",Paine,222598253 / 983405881,alcabrina@gmail.com,,TERCERA,1257 / 20-04-2018
RENUEVA ARQUITECTOS SPA,RENUEVA SPA,76.844.756-K,"Angela Silva Santelices Calle Compañía N° 2540, Oficina N°101",Santiago,999976322,renueva.arquitectos@gmail.com,,TERCERA,1845 / 20-06-2018
EGIS PSAT COMUNIDAD Y BARRIO SPA,,76.854.148-5,Carolina Encina Fuentes Pasaje Cerro Hierbas Buenas N°4503,Isla De Maipo,995413109 / 225266244,epcomunidadybarrio@gmail.com,,TERCERA,2127 / 17-07-2018
JUAN MANUEL SILVA GÓMEZ ENTIDAD DE ASISTENCIA TÉCNICA E.I.R.L,,76.853.108-0,"Juan Manuel Silva Gómez Av. Tobalaba N° 10.125 G, Block 34, Depto 12",Peñalolén,223007084,jmsilva.g89@gmail.com,maria.canio92@gmail.com / ocampojota@gmail.com,TERCERA,2263 / 24-07-2018
PROACTIVA CHILE SPA,PROACTIVA SPA,76.876.172-8,"Ximena León Gaule Avda. Ossa N° 180, Oficina B",Ñuñoa,233420612,administracion@proactiva-chile.cl,,SEGUNDA,2404 / 07-08-2018
DRYCONING S.A.,,76.143.109-9,"Juan Manuel Silva Av. Los Leones N° 1727, Oficina N° 201",Providencia,222050348,vsanmartin@dryconing.cl,pdeocares@dryconing.cl / psat@dryconing.cl,TERCERA,2415 / 08-08-2018
CONSULTORA S&M LIMITADA,,76.817.401-6,Mario Suffiotti Av. Simón Bolívar N° 3741-A,Ñuñoa,232273500 / 942557042,cgsuffiotti@gmail.com,,TERCERA,866 / 05-03-2018
ORGANIZACIÓN DE DESARROLLO URBANO LIMITADA,,76.898.813-7,Ana María Yáñez López Calle Futrono N°190 San Jaoquin,,229202420 / 224165914,organizaciondedesarrollourbano@gmail.com,,TERCERA,3099 / 23-10-2018
CONSULTORA OIKOS SPA,,76.898.802-1,"Nicolas Francisco Riquelme Vera Avda. San Miguel N°418, Villa Los Ediles",El Monte,937489809 / 443075236,consultora.oikos.spa@gmail.com,,TERCERA,3301 / 13-11-2018
PRESTADOR DE SERVICIOS DE ASISTENCIA TECNICA INNOVA SPA,PSAT INNOVA SPA,76.906.744-2,"Evelyn Norma Toro Tapia San Martin #347, Oficina 209 A",Buin,232481309,psat.innova@gmail.com,,SEGUNDA,3297 / 13-11-2018
LMF GESTION INMOBILIARIA SPA,LMF GESTION INMOBILIARIA SPA,76.892.262-4,"Yhara Hizmeri Pizarro Pje. Tongoy N° 0222, Villa Andes Del Sur",Puente Alto,232476600 / 989711759 / 944670782,imfgestiony@gmail.com,lmfgestioninmobiliaria@gmail.com,TERCERA,3300 / 13-11-2018
MUNICIPALIDAD DE PROVIDENCIA,,69.070.300-9,Carolina Faundez Zapata Vania Ciudad Pedro De Valdivia N° 963,Providencia,226543392 / 226543029,psatmunicipal@providencia.cl,,ÚNICA,3299 / 13-11-2018
SOCIEDAD DE SERVICIOS GESTION SOCIAL CONSULTORA SPA,,76.161.125-9,Yessica Del Carmen Cespedes Contreras Calle Vargas N° 399,Melipilla,227938574 / 990689121,yessicacontreras@gmail.com,consultoragestionsocial1@gmail.com,TERCERA,284 / 31-01-2019
JULIE ZAMBRANO ASESORIAS Y CAPACITACIÓN INMOBILIARIA E.I.R.L.,,76.775.124-9,"Julie Zambrano Alvarado Calle Santo Domingo N° 748, Depto N° 1705",Santiago,232478497 / 933851274 / 957118175,julisocial@icloud.com,ep.isocialchile@gmail.com,TERCERA,287 / 31-01-2019
"INMOBILIARIA, INSPECCION TECNICA Y GESTOR HABITACIONAL LICANRAY SPA",LICANRAY SPA,76.920.822-4,Roxana Scarlett Kam-Ching Barrios Avda. Viel N° 1556,Santiago,225441140 / 967283389 / 954214248,psatlicanray@gmail.cl,,PRIMERA,646 / 13-03-2019
ASESORIAS HABITACIONALES NEWEN LIMITADA,NEWEN LTDA.,76.861.218-8,Silvia Lezcano Bordones Calle Quito N°8557,La Cisterna,968158371,egis.newen@gmail.com,,TERCERA,689 / 20-03-2019
GRUPO ISANTA TELECOMUNICACIONES SPA,,76.505.533-4,"Pia Francisca Nuñez Huidobro Los Cancilleres N° 1670, Depto 24-E",Maipu,95445972 / 40741040,grupoisanta@gmail.com,gerencia@grupoisanta.cl,TERCERA,687 / 20-03-2019
PSAT ALQUIHUE LIMITADA,ALQUIHUE LTDA.,76.944.634-6,Cristopher Aedo Maureira Ramón Carnicer N°65 Oficina 4,Providencia,996554119,psat.alquihue@gmail.com,caedo.alquihue@gmail.com,TERCERA,688 / 20-03-2019
SIMMER SPA,SIMMER CONSULTORA SPA,76.923.062-9,"Katherin Suarez Quiroz Av. Irarrázaval N° 2821, Oficina 513-A",Ñuñoa,966153839,contacto@simmer.cl,,TERCERA,708 / 21-03-2019
GESTION INMOBILIARIA CUMBRES DEL NORTE LIMITADA,CUMBRES DEL NORTE LTDA.,76.079.461-9,Francy Javier Rojas Diaz Serrano N°63 Oficina 71,Santiago,222453453 / 928737472,gestioncumbresdelnorte@gmail.com,,PRIMERA,1047 / 17-04-2019
ENTIDAD PATROCINANTE AVANZA SPA,,76.930.847-4,Silvia Campos Calle Fresia N°2133,Renca,232391915 / 951970513 / 951970516,administracion@avanzaep.cl,social@avanzaep.cl / gerencia@avanzaep.cl,TERCERA,1106 / 17-04-2019
ASESORÍAS E INGENIERÍA ORIGEN SPA,,76.961.875-9,Patricio Valenzuela Campos Hermanos Carrera N°2037 Maipu ; Admini,,98858654 / 963325354,patricio.valenzuelaroym@gmail.com,administracion@ingenieriaorigen.cl / patricio.valenzuela@ingenieriaorigen.cl,TERCERA,1406 / 28-05-2019
GESTORA MAS HOGAR LIMITADA,MASHOGAR LTDA.,76.360.076-9,"Jorge Niemann Figari Calle Marchant Pereira N° 201, Piso 4 (Todo El Piso Corresponde A La Dirección Y Oficina Indicada)",Providencia,227571800 / 227571845,marcelofg@gestoramashogar.cl,,PRIMERA,2723 / 10-09-2018
COMUNIDAD ROSIL SPA,,76.953.793-7,Adriana Pilar Toro Silva Calle Islandia N°861,San Miguel,985699455 / 984687434,comunidadrosilspa@gmail.com,,PRIMERA,1436 / 31-05-2019
PROYECTOS DE ARQUITECTURA COLABORA SPA,,76.979.052-7,Karina Vallejos Avda. Domingo Santa Maria N°2236,Independencia,512495161 / 964459360,epcolaboraspa@gmail.com,kvallejos@colaboracionhumana.cl,PRIMERA,1493 / 06-06-2019
ASESORIAS PROGRESO LIMITADA,,77.009.404-6,Pablo Arenas Olmos Los Ceramistas N° 1442,Puente Alto,932733838,rodres22@hotmail.com,,TERCERA,2101 / 19-08-2019
CONSULTORA HABITACIONAL MONDIE LIMITADA,MONDIE LTDA.,76.986.944-1,Lorena Diena Arenas Ahumada N°13 Of 915,Santiago,975699128,contacto.mondie@gmail.com,,PRIMERA,2763 / 28-11-2019
DE LA RIVERA ENTIDAD PATROCINANTE SPA,,77.044.623-6,Stephanie Montecinos Antonio Bellet N°193 Of 810,Providencia,224376739 / 989889559,smontecinos@delarivera-ep.cl,,SEGUNDA,2825 / 28-11-2019
COOPERATIVA DE TRABAJO KINCHA,,65.169.361-6,"Maria Jose Barros De La Paz Av. Grecia N°1533, Block 5, Depto 22 C",Ñuñoa,982291402,cooperativa.kincha@gmail.com,,TERCERA,184 / 17-01-2020
GESTION Y PROYECTOS B2 LIMITADA,B2 LTDA.,77.088.101-3,"Rodrigo Berger Recart Estado N°115, Oficina 307",Santiago,226332284,gestionyproyectosb2@gmail.com,rodrigo@bergeryberger.cl,PRIMERA,279 / 10-02-2020
PROACTIVA EP SPA,PROACTIVA EP SPA,77.075.041-5,"Ximena Leon Gaule Av. Ossa # 180, Depto. B",Ñuñoa,352292413,xleon@proactiva-chile.cl,,TERCERA,366 / 24-02-2020
AYÜN RUKA SPA,AYÜN RUKA,77.076.961-2,"Veronica Avalos Orellana Jose Miguel De La Barra N°480, Depto. 301",Santiago,226059289 / 965695167,ayunrukaspa@gmail.com,,TERCERA,373 / 25-02-2020
GESTOR SOCIAL SPA,,77.019.436-9,Erika Lira Gonzalez Calle Litoral N°6225,Peñalolén,992977116,g.social.spa@gmail.com,,TERCERA,372 / 25-02-2020
PROYECTOS INMOBILIARIOS LUMINOSOLAR LIMITADA,LUMINOSOLAR LTDA.,76.943.066-0,Humberto Flores Mateluna Gonzalo Carrasco Garcia Islandia N°871,San Miguel,939455202,luminosolarltda@gmail.com,gcarrasco678@gmail.com,PRIMERA,368 / 25-02-2020
"INMOBILIARIA, INSPECCION TECNICA Y GESTOR HABITACIONAL PUYEHUE SPA",PUYEHUE SPA,76.969.353-K,Roxana Scarlett Kam-Ching Barrios Avda. Viel N° 1556,Santiago,967283389 / 225441140 / 954214248,roxanakamchings@gmail.com,,PRIMERA,475 / 10-03-2020
PSAT AVANZA SPA,,77.054.477-7,Carolina Ibaceta Calle Los Cancilleres N°1670 Depto. E-24,Maipu,942896918,psatavanza.contacto@gmail.com,carolaibaceta@gmail.com,TERCERA,476 / 10-03-2020
ENTIDAD PATROCINANTE UNION LIMITADA,,77.088.268-0,"Nicolas Tamayo Avda. Principe De Gales N°5921, Of 608",La Reina,233399483,contacto@unionep.cl,,PRIMERA,964 / 20-07-2020
INMOBILIARIA SUCASA II LIMITADA,,76.834.165-6,"Pablo Ivan Luna Gomez Amunategui N°86, Oficina 407-B",Santiago,229294483 / 229294482 / 974209932,sucasa@hotmail.cl,,TERCERA,998 / 08-08-2020
NICOLE ANDREA ZAMORA CORTES,,16.776.596-3,"Nicole Zamora Cortes Calle París N° 834, Oficina N° 307",Santiago,232270238,nyc.contable@gmail.com,,TERCERA,1005 / 06-08-2020
PROGRESO Y GESTION SOCIAL SPA,,77.125.786-0,"Friney Venegas Venegas Ahumada N°312, Of 326",Santiago,232565662 / 995797570 / 988082296,friney@gmail.com,f.venegas.proges@gmail.com / m.galaz.proges@gmail.com,TERCERA,1222 / 02-10-2020
GESTIÓN DE PROYECTOS INMOBILIARIOS SOCIALES JCS LIMITADA,,77.063.653-1,Celinda Miranda Huerfanos N°714 Oficina 103,Santiago,941317746 / 951683889,casaintegra@gmail.com,sergioschneider.abogados@gmail.com,TERCERA,111 / 03-02-2021
ENTIDAD PATROCINANTE COBARRIO SPA,,77.220.692-5,"Maria Jose Carrasco Martinez Almirante Pastene N°185, Oficina 310",Providencia,232942688 / 961709374 / 939496907,josecatinez@gmail.com,psat.cobarrio@gmail.com / cobarrio.mcarrasco@gmail.com,TERCERA,223 / 27-02-2021
ENTIDAD DE GESTIÓN INMOBILIARIA SOCIAL Y PRESTADORA DE SERVICIOS DE ASISTENCIA TECNICA Y GESTIÓN ACROPOLIS SPA,PSAT ACROPOLIS,77.235.519-K,Lionel Rubio Panama 9289,La Florida,933282870 / 942071995 / 994726149,psat.acropolis@gmail.com,,TERCERA,453 / 26-04-2021
PROACTIVA VIVIENDA SPA,,77.075.039-3,Catalina Furet Villaroel Avda. Ossa N°180 Depto. B,Ñuñoa,23420612,administracion@proactiva-chile.cl,,TERCERA,326 / 30-03-2021
ENTIDAD ORGANIZADORA Y CONSULTORA HABITACIONAL MIRAFLORES SPA,,77.222.634-9,"Camila Ortiz Diagonal Paraguay N°481, Of. 38",Santiago,979708335 / 229297824,ameyer@constructoracasahogar.cl,ameyer.arq@gmail.com / miraflores@constructoracasahogar.cl,TERCERA,349 / 06-04-2021
SUCAPRO GESTION INMOBILIARIA SPA,,77.259.788-6,"Pablo Tomas Wichmann Av. Apoquindo N°6410, Of 404",Las Condes,997427148,rretamal@sucapro.cl,contacto@sucapro.cl / rparedes@sucapro.cl,TERCERA,403 / 16-04-2021
ALICANTE SPA,,76.728.113-7,"Guillermo Rocamora Araya Avda. Providencia N°1208, Of.210 .",Providencia,962181245,contacto@alicantespa.cl,g.rocamora@alicantespa.cl,TERCERA,568 / 17-05-2021
EP DUNAMIS SPA,EGIS DUNAMIS SPA,77.280.619-1,"Fabian Barahona Diaz Avda. Nueva Providencia N° 1881, Of. 520",Providencia,227532604 / 996490513,fbd.dunamis@gmail.com,,SEGUNDA,558 / 17-05-2021
"CIUDAD DE BOLSILLO PLANIFICACIÓN, DISEÑO URBANO Y GESTIÓN INMOBILIARIA SpA",,76.834.025-0,"Pablo Fuentes Agustinas N°1022, Of. 316",Santiago,999917797,hola@ciudaddebolsillo.cl,ricardo@ciudadbolsillo.cl / nataly@ciudaddebolsillo.cl,TERCERA,610 / 25-05-2021
ENTIDAD DE GESTIÓN SOCIAL ENSENADA LIMITADA,PSAT ENSENADA LIMITADA,77.092.339-5,Bruno Calderon Calle General Freire N°440,La Cisterna,935716751,psat.egis.ensenada@gmail.com,,TERCERA,656 / 04-06-2021
"ASESORÍAS, INMOBILIARIA SOCIAL, CONSTRUCCIÓN E INVERSIONES LA MATRIZ SPA",LA MATRIZ SPA,77.181.275-9,Juan Fco. Quezada Barcenas Pasaje Uspallata N°6904,La Granja,975668835 / 998281715 / 225257001,lamatrizspa@gmail.com,,TERCERA,574 / 17-05-2021
CONSULTORÍA SEBASTIÁN ANDRES HERMOSILLA VARELA E.I.R.L.,SYD SOCIAL E.I.R.L.,77.255.901-1,Sebastian Hermosilla Camino Maipo-Viluco N°1805 Loteo 77,Buin,935431360 / 991413511,sydsocial7@gmail.com,sebastian.hermosilla02@gmail.com,TERCERA,808 / 08-07-2021
P Y P ADMINISTRACIÓN Y GESTIÓN INMOBILIARIA SPA,P Y P SERVICIOS SPA,76.444.402-7,"Miguel Pino Herrera Balmaceda N°395, Of 32",Puente Alto,229041541 / 959760998,mpinoh@pypservicios.cl,,TERCERA,813 / 06-07-2021
ALICURA SPA,,77.339.175-0,Francisca Rojas Ruiz Hijuela N°1 Sector El Prado,San Pedro,974789646,atec.egr@gmail.com,,TERCERA,810 / 08-07-2021
PSAT BORDE SUR SPA,,77.246.234-4,Esthefanie Briones Calle Islandia N°871,San Miguel,944396869,psatbordesur@gmail.com,,TERCERA,760 / 29-06-2021
CONSULTORA VIVIENDA Y ENTORNO SPA,,77.001.352-6,Humberto Alarcón Borquez Calle Tongoy N°0222,Puente Alto,976704004,cviviendaentornospa@gmail.com,,TERCERA,757 / 25-06-2021
DUAL ESTUDIO GESTIÓN INMOBILIARIA TÉCNICO SOCIAL SpA (Ex Estudios EJ),DUAL ESTUDIOS SPA,76.830.004-6,Evelyn Catalán Barros Perez Valenzuela N°1098 Of 39,Providencia,977060384,administracion@dualestudio.cl,e.catalan@dualestudio.cl,SEGUNDA,761 / 29-06-2021
INMOBILIARIA SOCIAL VIVE SPA,,77.279.991-8,Hector Daniel Arias Cordova Calle Doctor Torres Boonen N°737,Providencia,228977348,contacto@vivesocial.cl,danielariasc@gmail.com / daniel.arias@vivesocial.cl,TERCERA,845 / 19-07-2021
INMOBILIARIA CONVIVE LIMITADA,,77.171.412-9,"Romina Canessa Avda. Providencia N°1939, Oficina 43",Providencia,983410786 / 983610114 / 223180041,r.canessa@iconvive.cl,contacto@iconvive.cl,TERCERA,953 / 10-08-2021
CONSULTORA PANUL SPA,,77.234.511-9,Romina Sandoval Cerda El Pinar N°205 Of. 05,San Joaquín,982015040 / 236872798,ep.consultorapanul@gmail.com,consultorapanul@gmail.com,TERCERA,968 / 16-08-2021
PSAT IMAGINA E.I.R.L.,,77.180.372-5,"Elsa Baeza Elizondo Los Cancilleres N°1670, Depto 24 E",Maipu,957118175 / 2340741040,psat.imagina@gmail.com,,TERCERA,1117 / 10-09-2021
MUNICIPALIDAD DE LA CISTERNA,,69.072.000-0,Irma Perez Calle Pedro Aguirre Cerda N°161,La Cisterna,225407500,ccabrera@cisterna.cl,gina_phg@hotmail.com / alcaldia@cisterna.cl,ÚNICA,416 / 19-04-2021
ASESORÍA Y GESTIÓN INMOBILIARIA RAIQUÉN SPA,RAIQUEN SPA,77.329.886-6,José Curellanca Torres Teniente Luis Cruz Martinez N°12311,La Pintana,227923582,psat.raiquenspa@gmail.com,,TERCERA,1363 / 29-10-2021
ARQUITECTURA SOCIAL SPA,,77.405.965-2,Yasna Sandoval Castro Manuel Rodriguez N°1695-G Of 4,Maipu,932689188 / 999166789,prestadorasistenciatecnica@gmail.com,ysandovalcastro@hotmail.com,TERCERA,133 / 04-02-2022
ARQUITECTURA Y CONSTRUCCIÓN CÁCERES SPA,A&C CÁCERES SPA,77.226.691-K,Pablo Felipe Caceres Paredes Avda. José Pedro Alessandri N°1.495 Depto. 209 A,Ñuñoa,226079403 / 955380228,ayccaceres@gmail.com,ayccep@gmail.com,TERCERA,1 / 04-01-2022
ENTIDAD DE GESTIÓN INMOBILIARIA SOCIAL Y PRESTADORA DE SERVICIOS DE ASISTENCIA TECNICA Y DE GESTIÓN ESPACIO VERDE SPA,GESTIÓN INMOBILIARIA SOCIAL ESPACIO VERDE SPA,77.359.672-7,Lionel Rubio Aceituno Avenida Panama N° 9289,La Florida,933282870 / 942071995 / 994726149,olavecerda2464@gmail.com,,TERCERA,81 / 31-01-2022
EP PROYECTA HOGAR SPA,,77.308.493-9,Katherine Mutis Los Nogales N°2735 (Entrada Por Calle Parque),La Pintana,998856278 / 975930754,proyectahogarsantiago@gmail.com,kmutis.proyectahogar@gmail.com,TERCERA,223 / 28-02-2022
ENTIDAD PATROCINANTE LIBERTAD LIMITADA,,77.200.894-K,Rodrigo Urquiola Soriano Libertad N°217,Melipilla,958710657,rodrigo.urquiola.s@gmail.com,entidadpatrocinantelibertad@gmail.com,TERCERA,408 / 22-06-2022
ENTIDAD PATROCINANTE PEUMAYEN SPA,,77.501.265-K,Carolina Marin Navarrete Camino Bajo De Santa Cruz N°245,Padre Hurtado,965499716 / 944357174,eppeumayen@gmail.com,trabajosocialpeumayen@gmail.com / contactoeppeumayen@gmail.com,TERCERA,404 / 22-06-2022
MUNICIPALIDAD DE PUDAHUEL,,69.071.100-1,Marcela Silva Smith Avda. San Pablo N°8444,Pudahuel,224407391 / 993096989,entidadpatrocinante@mpudahuel.cl,italobravo@mpudahuel.cl,ÚNICA,411 / 23-06-2022
SUNDARA SpA.,,77.481.419-1,Esteban Pasache Soto Avda. Sotero Del Río N°1191,La Florida,972012965 / 999791350,daniela@atsundara.cl,,TERCERA,494 / 04-07-2022
P Y P MEJORANDO EL FUTURO SpA.,,77.456.156-0,"Miguel Angel Pino Herrera Balmaceda N°395, Of 32",Puente Alto,959760998,mpinoh@pypfuturo.cl,,TERCERA,498 / 04-07-2022
CONSTRUCTORA SALAS VENEGAS SpA.,,77.086.713-4,"Friney Venegas Venegas Ahumada N° 312, Of 326",Santiago,232565662 / 995797570 / 995797515,svcontratista@gmail.com,,TERCERA,499 / 04-07-2022
ENTIDAD PATROCINANTE LINCOPÍ LIMITADA,,77.480.826-4,Eloida Quintriqueo Lincopi Juan Ortiz Acevedo N°600,Paine,997107814,entidadpatrocinantelincopi@gmail.com,,TERCERA,501 / 04-07-2022
HABITAR PROGRESIVO SPA,,77.445.134-K,Gonzalo Astudillo Arias Calle Buzeta N°2082 Of 82,Estación Central,977018183,habitarprogresivo@gmail.com,,TERCERA,714 / 01-09-2022
EMPRESA DE DESARROLLO Y ORGANIZACIÓN SOCIAL CRECER LIMITADA,CRECER LIMITADA,77.525.879-9,Elisa Casanueva Alonso De Ercilla N°1306,La Florida,722699802,e.desarrolloygestion.sc@gmail.com,,TERCERA,750 / 01-09-2022
ASESORÍAS APOLO SPA,,77.518.036-6,Francisca Castillo Oliva Y Sebastian Jopia Sanchez Avda. Providencia N°223,Providencia,963085267,jbalich@juntoalbarrio.cl,,TERCERA,754 / 01-09-2022
MUNICIPALIDAD DE LAMPA,,69.071.400-0,Alejandra Huerta Cornejo Sargento Aldea N°840,Lampa,962812553,angel.duran@lampa.cl,paola.acevedo@lampa.cl / mjosem1998@gmail.com,ÚNICA,827 / 09-09-2022
FUNDACION ALCANZABLE,,65.200.331-1,Pia Mora Avda. Suecia N°0142 Piso 2 Of. 10,Providencia,976499299,piamora@alcanzable.cl,,TERCERA,1457 / 13-12-2022
ENTIDAD PATROCINANTE HILEN SPA,,77.493.779-K,Sebastian Escudero Contreras Calle Colonial N°11803,El Bosque,996413237,hilenspa@gmail.com,,TERCERA,545 / 26-12-2022
GESTOR LOCAL SPA,,77.547.218-9,Aylen Barrios Montero Huerfanos N°1160 Of. 406,Santiago,967384086,gestor.local.spa@gmail.com,,TERCERA,546 / 26-12-2022
2.0 EP SPA,,77.468.167-1,Ximena Leon Gaule Avda. Ossa N°180 Depto. B,Ñuñoa,224011643,xleon@proactiva-chile.cl,,TERCERA,547 / 26-12-2022
I.MUNICIPALIDAD DE SAN JOAQUIN,,69.254.600-8,Katherine Ponce / Valentina Bau Avda. Santa Rosa N°2606 Piso 2,San Joaquin,998731723,valentinabau@sanjoaquin.cl,,ÚNICA,239 / 13-03-2023
ENTIDAD PATROCINANTE VANIA SALOME QUINTANILLA MORA E.I.R.L.,VAAM E.I.R.L.,77.674.211-2,Vania Quintanilla / Adela Mora Viña Pomaire Parcela 1,Melipilla,956560099 / 998654969,vaam.entidad@gmail.com,adela-mora@hotmail.com / vania.s.q.m.1994@gmail.com,TERCERA,853 / 04-07-2023
ENTIDAD PATROCINANTE Y CONSULTORA INMOBILIARIA ALWE SPA,,77.645.832-5,Pamela Sanhueza Calle Carmencita N°245-A,Las Condes,23321747675 / 956735189 / 994272740,contacto@alwe.cl,czannier@alwe.cl,TERCERA,1135 / 24-08-2023
SIMETRICA SPA,,77.645.937-2,Francisca Cancino Contreras Diagonal Paraguay N°481 Oficina 107,Santiago,948830431,simetrica.ep@gmail.com,,TERCERA,1631 / 28-11-2023
CONSTRUCTORA HABITARE ESTADO SPA,,77.687.659-3,Marcelo Moya Nicolas Cruz Lyon 1259 Casa D,Providencia,987863702 / 953722427,mmoya@constructorahabitare.cl,,TERCERA,1865 / 28-12-2023
ENTIDAD PATROCINANTE INMOBILIARIA SALFA AUSTRAL LIMITADA,,96.610.790-1,Viviana Fritz Rebolledo/ Cristobal Vicuña Ahumada N°341 Piso 6,Santiago,948024949 / 97979736,vfritz@salfaustral.cl,cviunad@salfaustral.cl,PRIMERA,272 / 08-03-2024
ASESORÍAS HABITACIONALES FABIOLA ALVAREZ E.I.R.L.,,77.843.609-4,Fabiola Alvarez Beltran Los Pinos N°9235 Depto. 21,La Florida,992342434,asesorias.habitacionalesfa@gmail.com,,TERCERA,394 / 03-04-2024
SERVICIOS Y ASESORIAS INMOBILIARIAS Y HABITACIONALES CENTRO LIMITADA,,76.972.118-5,Miguel Ibaceta Serrano N°73 Oficina 514 A-B,Santiago,227599012,epcentrorm@gmail.com,epcentroltda@gmail.com / miguel.ibacetat@gmail.com,TERCERA,448 / 11-04-2024
CHILE VIVIENDA SPA,,76.771.302-9,Alfredo Reyes Augusto Leguia Sur N°79 Oficina 1801,Las Condes,942510918,felipereyes@nidosur.cl,emylizama@gmail.com,TERCERA,449 / 11-04-2024
HOGAR MEJOR EGIS FUNDACION,,65.209.947-5,Alejandra Fuentes Bulnes N°197 Oficina 3,Santiago,932794681,f.hogarmejor@gmail.com,,PRIMERA,450 / 11-04-2024
ENTIDAD PATROCINANTE ASESORIAS TECSO LIMITADA,,77.761.477-0,Brian Torres Calle Panamá N°7295,La Florida,950992077 / 224165914,asesorias.tecso@gmail.com,,TERCERA,788 / 18-06-2024
ILUSTRE MUNICPALIDAD DE LAS CONDES,,69.070.400-5,Michael Comber Avda. Apoquindo N°9070,Las Condes,229508457,mcomber@lascondes.cl,,ÚNICA,981 / 17-07-2024
ENTIDAD PATROCINANTE JUNTOS SPA,,77.666.992-K,"Francisco Beffermann Alcantara N°200, Of.1102",Las Condes,978567502 / 992782962,solange.lobos@isiete.cl,francisco.beffermann@isiete.cl,PRIMERA,1265 / 22-08-2024
ILUSTRE MUNICPALIDAD DE CALERA DE TANGO,,69.072.800-1,Andrea Rojas Isabel Galvez Avda. Calera De Tango N°345,Calera De Tango,228108940 / 228108987,arojas@caleradetango.net,igalvez@caleradetango.net,ÚNICA,1211 / 20-08-2024
CONSTRUCTORA LAUQUÉN SPA,,76.403.409-0,Cristian Pablo Lasch Cea Calle Montenegro N°936-A,Ñuñoa,971256660,lauquen.clasch@gmail.com,,TERCERA,1343 / 02-09-2024
SOCIEDAD DE PROFESIONALES ARQUITECTOS SOLAN LIMITADA,,77.783.755-9,Evelyn Maeva Catalán Barros Calle Perez Valenzuela N°1098 Oficina 39,Providencia,932324408 / 977060384,sociedad.solan@gmail.com,solan.metropolitana@dualestudio.cl,SEGUNDA,1589 / 02-10-2024
ENTIDAD PATROCINANTE PLANING SPA,,78.475.080-9,"Rocío Gomez Avda. Apoquindo N°6410, Oficina 404",Las Condes,229935712,contacto@planing.cl,,PRIMERA,1735 / 15-10-2024
BAIT CONSULTORES LIMITADA,,77.948.811-K,Román Yosif Capdeville Avda. Las Condes N°7700 Oficina,Las Condes,10061007 / 999910265 / 998716084,contacto@baitconsultores.com,ryosif@gmail.com,PRIMERA,2064 / 03-12-2024
ENTIDAD PATROCINANTE VIAS LIMITADA,,77.919.796-4,"Catalina Acuña Ruz Calle Román Díaz N° 205, Oficina 601",Providencia,994316764,catalina.acuna@masvivienda.cl,,TERCERA,88 / 14-01-2025
FUNDACIÓN RUKAWE,,65.219.356-0,Cristobal Tomé Serra Calle Agustinas N°2384,Santiago,991978471 / 959225277,ctome@fundacionrukawe.cl,,TERCERA,115 / 20-01-2025
GESTIÓN GALAZ Y VENEGAS LIMITADA,,77.831.278-6,Miguel Galaz Friney Venegas Venegas Calle Ahumada N°312 Of 326,Santiago,988082296,friney@gmail.com,,TERCERA,105 / 16-01-2025
INGENIERÍA Y CONSTRUCCIÓN NEPAL SPA,,77.507.479-5,Pedro Oróstica Marín Calle Estado N°42 Oficina 410,Santiago,994343204,pedro.orostica.m@gmail.com,ingenieriayconstruccionnepal@gmail.com,TERCERA,116 / 20-01-2025
TORSAN ASOCIADOS LIMITADA,,77.916.765-8,"Diana Morales Lema Avda. Irarrazaval N°2821, Oficina 1005",Ñuñoa,226895455,torsanasociados@gmail.com,,TERCERA,114 / 20-01-2025
OSCAR OSVALDO MANQUILEF PARRA,,9.666.062-6,Oscar Osvaldo Manquilef Parra Digonal Paraguay N 481 Of. 81,Santiago,997431823,omanquilefparra@gmail.com,,TERCERA,315 / 07-02-2025
LBA EMPRESA DE INGENIERIA CIVIL SPA,,77.321.224-4,"Claudia Valenzuela Rojas Los Militares N° 5001, Of 602",Las Condes,963293409,lbaingenieriacivil@gmail.com,,TERCERA,316 / 07-02-2025
SOCIEDAD DE ASESORÍA RUKAPEWMA LIMITADA,,76.887.130-2,"Carina Alejandra Cid Vidal Serrano N°73, Oficina 305",Santiago,984281231,rukapewma@rukapewma.cl,,PRIMERA,892 / 14-04-2025
ENTIDAD PATROCINANTE NUESTRA CASA SPA,,77.938.324-5,"Favio Salguero Wendy Diaz Paseo Estado N°115, Oficina 706",Santiago,224616259,wdm@epnuestracasa.cl,,TERCERA,1304 / 26-05-2025
ENTIDAD PATROCINANTE CONECTANDO ARQUITECTURA Y GESTIÓN SOCIAL LIMITADA,,78.008.956-3,"Nadia Troncoso Jara Y Karen Canales Herrera Calle Mateo De Toro Y Zambrano N°1491, Oficinas 417 Y 418",La Reina,939243166,contacto@conectaep.cl,kcanales@conectaep.cl,TERCERA,1347 / 04-06-2025
CONSTRUCTORA Y ENTIDAD PATROCINANTE SANTOR LIMITADA,,77.761.643-9,Juan Manuel Torres Vivero Rolando Patricio Sanhueza Cifuentes Calle Emiliano Zapata N°1030,Recoleta,94325223 / 978453000,c.arancibiaurza@gmail.com,jtorres@uc.cl,TERCERA,1458 / 23-06-2025
ENTIDAD PATROCINANTE NEO_CITÉ SPA,,78.128.899-3,José Sánchez Diéguez Calle Los Queltehues N°3260,Colina,994690075,ivan.theoduloz@neo-cite.cl,jose.sanchez@neo-cite.cl / jsd@tie.cl,TERCERA,1460 / 23-06-2025
ENTIDAD PATROCINANTE PROGRESA SPA,,78.118.354-7,Valeska Lagos Calle Jaromir Pridal N°316-A,Peñaflor,224619456,contacto@entidadprogresa.com,,TERCERA,1936 / 05-09-2025
ENTIDAD PATROCINANTE ESPACIO TRANSFORMA SPA,,78.061.476-5,Consuelo Orellana Gajardo Calle Enrique Gomez Correa N°5750 - Oficina 6,Macul,993447651,contacto@espaciotransforma.cl,,TERCERA,1987 / 22-09-2025
ENTIDAD DE GESTIÓN INMOBILIARIA SOCIAL LOUTA SPA,,78.122.911-3,Maria Daniela Carrillo Mendoza Calle Pedro Ramírez N°1350,Puente Alto,977979451 / 934179265,louta.egis@gmail.com,,TERCERA,2002 / 25-09-2025
ENTIDAD PATROCINANTE FONDO SOCIAL SPA,,78.137.081-9,"Daniela Astorga; Ignacio Contreras Calle San Ignacio De Loyola N°177, Oficina 05",Santiago,932898511,fondosocialspa@gmail.com,,TERCERA,2169 / 16-10-2025
ENTIDAD PATROCINANTE PROSOCIAL ASESORÍA Y GESTIÓN SPA,,78.165.619-4,Cynthia Pereira Guzman Calle Guardia Vieja N°202,Providencia,937772586,prosocial.spa@gmail.com,,TERCERA,2195 / 20-10-2025
CV GESTIÓN INMOBILIARIA SPA,,76.852.664-8,Francisco Hernandez Ibarra Calle Jaromir Pridal N°316-A,Peñaflor,945708812,cv.entidad.patrocinante@gmail.com,,TERCERA,2394 / 14-11-2025
EMPRENDE SPA,,78.181.048-7,Carlos Muñoz Gallardi Calle Jaromir Pridal N°316-A,Peñaflor,224619456,carlos.entidad.emprende@gmail.com,,PRIMERA,2393 / 14-11-2025
INMOBILIARIA G21 LIMITADA,,78.155.375-1,Fernanda Mella Lara Calle Vicente Valdes N°87 Oficina 904,La Florida,934306564,mmendez@consultoraidentidades.cl,,PRIMERA,297 / 04-03-2026
2D PROTEC LIMITADA,,78.128.327-4,Rafael Andrés De La Rivera Zárate Calle Antonio Bellet N°193,Providencia,966493640,dvasquez@grupodelarivera.cl,,TERCERA,291 / 04-03-2026
ENTIDAD ORGANIZADORA Y CONSULTORA HABITACIONAL MIRAFLORES DOS SPA,,78.216.739-1,"Aline Natalia Meyer Sironvalle Calle Diagonal Paraguay N°481, Oficina 44",Santiago,229297824,ameyer@constructoracasahogar.cl,,TERCERA,362 / 13-03-2026
EPICA SOCIAL,,78.079.607-3,"Carina Cid Vidal Juan Pablo Eyzaguirre Claro Calle Serrano N°73, Oficina N°305",Santiago,984281231,caricid@epicasocial.cl,,PRIMERA,317 / 05-03-2026
I.MUNICIPALIDAD DE CERRILLOS,,69.255.000-5,Johnny Hernan Yañez Díaz Calle Las Hortensias N°300,Cerrillos,233278142 / 233278144 / 950060612,maravena@mcerrillos.cl,viviendacerrillos@gmail.com,ÚNICA,414 / 25-03-2026
I.MUNICIPALIDAD DE QUINTA NORMAL,,69.071.000-5,Karina Andrea Delfino Mussa Avda. Carrascal,Quinta Normal,994744130 / 972162005 / 228928800,hellen.iturra@quintanormal.cl,,ÚNICA,720 / 22-05-2026
CASA NUEVA SPA,,78.168.166-0,"Felipe Andres Villaseñor Barreda Calle Huérfanos N°1160, Oficina 1101",Santiago,932642440,felipe@casa-nueva.cl,,TERCERA,721 / 22-05-2026
INMOBILIARIA SOCIAL MODELO LIMITADA,,76.149.336-1,"Iván Alejandro Pozo Lobos Calle Carmen N°8, Piso 2, Oficina 6",Santiago,994736966,contacto@epmodelo.cl,vladimir@epmodelo.cl,SEGUNDA,722 / 22-05-2026
DUO ALIANZA GESTIÓN INMOBILIARIA SPA,,78.319.119-9,"Paz Catalina Cárdenas Muñoz Calle Nueva Tajamar N°481, Oficina 303",Las Condes,999132844,duoalianzaep@gmail.com,vivienda@munisantacruz.cl / barbara.caceres@msanvicente.cl / majelazamora@requinoa.cl / entidadpatrocinante@requinoa.cl / greyes@munirengo.cl / ameneses@munirengo.cl / entidad.patrocinante@munirancagua.gob.cl / rt.entidadpatrocinante@munirancagua.gob.cl / secvivienda.dideco@munirancagua.gob.cl / oficinaviviendaquinta@gmail.com / gabrielalopezdiaz6@gmail.com / egis@municipalidadplacilla.cl / alexandra.leon@muniplacilla.cl / catalina.caroca@muniplacilla.cl / egis@pichilemu.cl / mivonnemolina@gmail.com / cceron@muniperalillo.cl / arnaldoret@gmail.com / entidadpatrocinante@muniperalillo.cl / isabel.salinas.t@gmail.com / vivienda@comunaparedones.cl / egispalmilla@gmail.com / viviendamunipalmilla@gmail.com / ricardo.paillan@munipalmilla.cl / cmondaca@mostazal.cl / egis@munimarchigue.cl / vivienda@munimarchigue.cl / egis@machali.cl / vivienda@munilolol.cl / alejandro.mendoza@munilaestrella.cl / vivienda@coltauco.cl / cmunoz@coltauco.cl / vivienda@municipalidadchimbarongo.com / entidad.p@municipalidadchepica.cl / vivienda.pichidegua@gmail.com / victorjara@pichidegua.cl / dhenriquez@mdonihue.cl / vivienda@lascabrasmunicipalidad.cl / claudiatiznado@gmail.com / beatriz.valenzuela.vantreek@gmail.com / consultora.vtl.eirl@gmail.com / consultorafenixeirl@gmail.com / mitzyseguelortiz@gmail.com / dletelier.cruzero@gmail.com / juansuter@gmail.com / jose.suter@gmail.com / vientodelsurfacturas@gmail.com / j.elicer@insoc.cl / a.ibarra@insoc.cl / carlos.urzua@inmobiliariaurzua.cl / teresa.jiron@inmobiliariaurzua.cl / andinalimitada01@gmail.com / contacto@maval.cl / evargas@maval.cl / umbralarquitectura.ep@gmail.com / ep.inmobiliaria.imb@gmail.com / sociedad.m.m@gmail.com / catalina.bass@eprancagua.com / daniel.guerrero@eprancagua.com / consuelo.lopez@eprancagua.cl / constructora@vipalco.cl / holmosm@vipalco.cl / lurrutia@concrecasa.cl / pduarte@concrecasa.cl / carolina.abarcat@gmail.com / espacio21.spa@gmail.com / oval@constructoraoval.cl / socialrancagua@constructoraoval.cl / epdomus@gmail.com / egiszimenta@gmail.com / elias.hernandez@acotaestudio.cl / gestionrhakin@gmail.com / gestionesyasesoriaspv@gmail.com / proyectossebal@gmail.com / pbustamante@gespros.cl / coordinador@iecology.cl / eminder@constructoralaunion.cl / nidia.pavez@gmail.com / abaco.paulatapia@gmail.com / gfranco@grupo841.cl / sociedad.solan@gmail.com / solan.rancagua@dualestudio.cl / patricio.valenzuela@ingenieriaorigen.cl / mjmaturana@juntoalbarrio.cl / consultoraconoeste@gmail.com / eprenacerltda@gmail.com / francisco.beffermann@isiete.cl / miguel.galvezs@gmail.com / consultorarenacer@maval.cl / evargas@uc.cl / ecoprovirengo@gmail.com / gesrionfacilspa@gestionafacil.cl / atr.gestionfacil@gmail.com / gestionafacilspa@gmail.com / contacto@gestionql.cl / descobar@gestionql.cl / entidadpatrocinante@munisanfernando.com / gestioneshogarmejor@gmail.com / rdastudio22@gmail.com / vheran@masvivienda.cl / catalina.acuna@masvivienda.cl / ssepulveda@masvivienda.cl / ep@paviep.cl / allendes.epa@gmail.com / 4canelos@gmail.com / pamela.soto@4canelos.cl / contacto@epbrotar.cl / cnunezabarca@gmail.com / csanhueza@alamoep.cl / caricid@epicasocial.cl / jpeyzaguirre@epicasocial.cl / entidadarquetipo@gmail.com / rzannier@udd.cl / egis.viviendayfamilia@gmail.com,TERCERA,354 / 22-05-2026
