inmobiliaria,sitio_web,email_contacto_general,tipo_email,telefono,direccion_casa_matriz,comunas_santiago,segmento,confianza_email,fuente
Ingevec Inmobiliaria,ingevecinmobiliaria.cl,contactocomercial@ingevec.cl,comercial,+56 2 2410 0500,Cerro El Plomo 5680 Las Condes,"Ñuñoa, Santiago Centro, La Cisterna, Independencia, La Florida, Estación Central",Departamentos UF 2.500-4.500,alta,Sitio corporativo / ficha contacto
Paz (PazCorp),paz.cl,servicioalcliente@pazcorp.cl,servicio al cliente,600 346 0000 / +56 2 2863 5000,Av. Apoquindo 4501 piso 21 Las Condes,"Santiago Centro, Ñuñoa, Independencia, San Miguel, Estación Central",Departamentos exclusivamente,alta,Ficha corporativa
Santolaya,santolaya.cl,servicioalcliente@santolaya.cl,servicio al cliente,+56 2 2328 0800,Padre Mariano 181 piso 5 Providencia,"Ñuñoa, Providencia, Santiago Centro",Departamentos,alta,Página de contacto
Fundamenta,fundamenta.cl,contacto@fundamenta.cl,general,No publicado,Av. Pdte. Riesco 5561 of. 601 Las Condes,"Ñuñoa, Macul, La Florida, Estación Central, Santiago Centro, Cerrillos",Departamentos (línea Eco),alta,Política de privacidad del sitio
Inmobiliaria Actual,actual.cl,No publicado (formulario web),-,+56 2 3210 0800,Av. del Valle Sur 570 piso 2 Ciudad Empresarial Huechuraba,"Las Condes, Providencia, Vitacura, Ñuñoa, San Miguel, Huechuraba",Departamentos medio-alto,sin dato,Ficha directorio + sitio
Exxacon,exxacon.cl,No publicado (correo por proyecto: edificiowalk@exxacon.cl),por proyecto,+56 2 2952 7224,Reyes Lavalle 3340 of. 1101 Las Condes,"Ñuñoa, Las Condes, Providencia",Departamentos,media,Fichas de proyecto
Pilares (Grupo Socovesa),pilares.cl,servicioalcliente@pilares.cl,servicio al cliente,+56 2 2840 7832,Grupo Socovesa - Providencia,"Estación Central, Independencia, Ñuñoa",Departamentos,alta,Página de postventa
Inmobiliaria Aconcagua (SalfaCorp),iaconcagua.com,No publicado (formulario web),-,600 898 0600,Av. Pdte. Riesco 5335 piso 19 Las Condes,"Ñuñoa, y otras comunas RM",Departamentos y casas,sin dato,Ficha directorio
Norte Verde,norte-verde.cl,comercial@norte-verde.cl,comercial,+56 2 2838 6327,Los Dominicos 8630 of. 806 Las Condes,"Santiago Centro, Ñuñoa, Las Condes",Departamentos y oficinas,alta,Términos y condiciones del sitio
Inmobiliaria RVC,rvc.cl,atencionclientes@rvc.cl,servicio al cliente,+56 2 3450 400 / 600 410 0010,Los Conquistadores 1700 piso 5 Providencia,"Estación Central, Pedro Aguirre Cerda, Ñuñoa, Santiago Centro",Departamentos,alta,Página servicio al cliente
Maestra Inmobiliaria,maestra.cl,No publicado (solo denuncias@maestra.cl),-,+56 2 2940 9700,Av. Las Condes 14157 Las Condes,"Quilicura, Pedro Aguirre Cerda, San Joaquín",Departamentos (incluye subsidio),baja,Canal de denuncias
Inmobiliaria Los Silos,ilossilos.cl,No publicado (correo por proyecto: santamaria@ilossilos.cl),por proyecto,+56 2 2811 4261,El Manzano 867 Padre Hurtado,"Renca, Padre Hurtado, y otras RM",Departamentos y casas,media,Fichas de proyecto
Empresas Armas,iarmas.cl,clientes@empresasarmas.cl,clientes,+56 2 2631 4000 / 600 3602 674,Av. Manquehue Sur 1220 Las Condes,"Santiago Centro, Estación Central, La Florida y otras",Departamentos y casas,alta,Página experiencia clientes
Almagro (Grupo Socovesa),almagro.cl,No publicado (formulario web),-,+56 2 2372 6666,Padre Mariano 277 piso 7 Providencia,"Providencia, Ñuñoa, Las Condes, Vitacura",Departamentos alto estándar,sin dato,Ficha directorio
Socovesa,socovesa.cl,contacto@socovesa.cl,general,+56 2 2520 4100,Eliodoro Yáñez 2962 Providencia,Región Metropolitana (casas y deptos),Casas y departamentos,alta,Formulario de contacto del sitio
Enaco,enaco.cl,info@enaco.com (verificar dominio),general,+56 2 2207 3800,Asturias 280 of. 301 Las Condes,"Las Condes, Ñuñoa, Santiago Centro",Departamentos,media,Ficha directorio
Inmobiliaria Manquehue,imanquehue.com,contacto@imanquehue.com,general,+56 2 2750 7500,Av. Santa María 6350 piso 4 Vitacura,"Vitacura, Las Condes, Lo Barnechea, Colina",Departamentos y casas,alta,Página de contacto
Simonetti,simonetti.cl,No publicado (contacto nominal: fmontero@simonetti.cl),nominal,+56 2 2496 9500,Av. Pdte. Errázuriz 2999 piso 1 Las Condes,"Las Condes, Ñuñoa, Providencia",Departamentos,baja,Ficha directorio
Inmobiliaria Numancia,numancia.cl,No publicado (formulario web),-,+56 32 238 5400,Av. Libertad 269 piso 13 Viña del Mar,Santiago (además Viña/Concón/Concepción),Departamentos,sin dato,Sitio corporativo
Besalco Inmobiliaria,besalcoinmobiliaria.cl,ventas@besalco.cl,ventas,+56 2 2338 0880,Ebro 2705 Las Condes,Región Metropolitana,Departamentos y casas,alta,Página contáctanos
Echeverría Izquierdo Inmobiliaria,eiii.cl,ei@ei.cl,corporativo,+56 2 3329 4100,Rosario Norte 532 piso 8 Las Condes,Región Metropolitana,Departamentos,media,Página de contacto corporativa
Brotec-Icafal,brotec.cl,No publicado (formulario web),-,+56 2 2394 7900,Av. Coyancura 2283 Providencia,Región Metropolitana,Departamentos,sin dato,Ficha directorio
Icafal Inmobiliaria,icafalinmobiliaria.cl,ventasicafal@icafal.cl,ventas,+56 2 2351 9290,Augusto Leguía Sur 160 of. 51 Las Condes,Región Metropolitana,Departamentos entrega inmediata,alta,Página de contacto
Fuenzalida Desarrollo Inmobiliario,inmobiliariafuenzalida.cl,No publicado (contacto@fuenzalida.com es la corredora del grupo),-,+56 2 2817 8200,Isidora Goyenechea 3162 of. 402 Las Condes,"Las Condes, Providencia, Ñuñoa",Departamentos,baja,Ficha directorio
PY Inmobiliaria,py.cl,No publicado (ejecutivo por zona),-,+56 2 2439 3500,Suecia 0142 of. 901 Edificio Infinity Providencia,Región Metropolitana,Casas y departamentos,sin dato,Página oficinas centrales
Inmobiliaria MPC (Moller & Pérez-Cotapos),mpc.cl,No publicado (formulario web),-,+56 2 2412 2200,Av. Las Condes 11700 Torre A Vitacura,"Providencia, Las Condes, Vitacura, Ñuñoa, Lo Barnechea",Departamentos y casas medio-alto,sin dato,Sitio corporativo
Neohaus,neohaus.cl,contacto@neohaus.cl,general,+56 2 2820 4100,Av. La Dehesa 1540 of. 802 Lo Barnechea,"Vitacura, Lo Barnechea, Las Condes",Departamentos y oficinas,alta,Página contáctenos
Inmobiliaria Grupo Hogares,hogares.cl,ventas@hogares.cl,ventas,+56 2 2599 6200,Av. Apoquindo 6550 Las Condes,Región Metropolitana,Departamentos y casas,alta,Página de contacto
Inmobiliaria Imagina,imagina.cl,No publicado (solo denuncias@imagina.cl),-,600 850 005,Av. Vitacura 5093 of. 202 Vitacura,Región Metropolitana,Departamentos,baja,Servicio al cliente
Inmobiliaria Sinergia,isinergia.cl,contacto@isinergia.cl,general,600 360 0085,Rosario Norte 615 of. 1301 Las Condes,Región Metropolitana (foco RM),Departamentos y casas,alta,Página de contacto
Altas Cumbres,altas-cumbres.cl,No publicado (formulario web),-,+56 2 2373 9901,Av. Santa María 2160 Providencia,Región Metropolitana,Departamentos,sin dato,Ficha directorio
Constructora OVAL / ValorArte Inmobiliaria,constructoraoval.cl,No publicado (formulario web),-,+56 2 2343 0660,Av. Pdte. Kennedy 5682 Vitacura,"Renca, Puente Alto, Quilicura, Ñuñoa",Departamentos,sin dato,Página de contacto
CFL Inmobiliaria,cfl.cl,No publicado (formulario web),-,+56 2 2726 2900,Av. Pdte. Jorge Alessandri 20191 San Bernardo,"San Bernardo, Buin, Peñalolén, Chicureo",Departamentos,sin dato,Sitio corporativo
Napoleón Gestión Inmobiliaria,inapoleon.cl,No publicado (formulario web),-,+56 2 2245 5450,Av. Raúl Labbé 12613 of. 526 Lo Barnechea,Gran Santiago,Departamentos y desarrollo,sin dato,Ficha directorio
Inmobiliaria Aumenta,aumenta.cl,servicioalcliente@aumenta.cl,servicio al cliente,+56 2 2248 4590,Av. del Cóndor 550 of. 303 Ciudad Empresarial Huechuraba,"La Florida (Lo Cañas) y otras RM",Departamentos,alta,Página de contacto
EBCO,ebco.cl,No publicado (formulario web),-,+56 2 2464 4700,Av. Santa María 2450 piso 3 Providencia,Región Metropolitana,Departamentos y edificación,sin dato,Página contáctanos
Activa (Grupo Activa),activa.cl,No publicado (formulario web),-,+56 2 2411 2020,Cerro El Plomo 5855 of. 408 Las Condes,"San Joaquín y otras RM",Departamentos / renta residencial,sin dato,Ficha directorio
Bicentenario Capital,bicentenario.cl,info@bicentenario.cl,general,+56 9 7521 5705,Santiago (opera también Puerto Montt y EE.UU.),Región Metropolitana,"Comercial, oficinas, residencial y mixto",media,Sitio corporativo
